,ISO3,Supply-BaU2,Supply-HalfW2,Folate (ug DFE/day),Ft2030,BaU_needed,BaU_needed_low,BaU_needed_high,HalfW_needed,HalfW_needed_low,HalfW_needed_high,BaU_needed2030,BaU_needed2030_low,BaU_needed2030_high,HalfW_needed2030,HalfW_needed2030_low,HalfW_needed2030_high
0,AFG,2237061974012.577,2564718149723.7188,4079526021155.34,5987768487161.742,1842464047142.7627,1842464047142.7627,1842464047142.7627,1514807871431.621,1514807871431.621,1514807871431.621,3750706513149.165,3750706513149.165,3750706513149.165,3423050337438.0234,3423050337438.0234,3423050337438.0234
1,ALB,480805837384.4695,571712176394.7014,398004667063.0288,396964907398.4057,-82801170321.44067,-82801170321.44067,-82801170321.44067,-173707509331.6726,-173707509331.6726,-173707509331.6726,-83840929986.06378,-83840929986.06378,-83840929986.06378,-174747268996.29572,-174747268996.29572,-174747268996.29572
2,ARE,70453612394.02493,93483527918.19191,1262892679940.7786,1549902222118.9255,1192439067546.7537,1192439067546.7537,1192439067546.7537,1169409152022.5867,1169409152022.5867,1169409152022.5867,1479448609724.9006,1479448609724.9006,1479448609724.9006,1456418694200.7336,1456418694200.7336,1456418694200.7336
3,ARG,42883373308246.83,49245577443898.83,5656674014075.32,6528382965587.046,-37226699294171.51,-37226699294171.51,-37226699294171.51,-43588903429823.51,-43588903429823.51,-43588903429823.51,-36354990342659.78,-36354990342659.78,-36354990342659.78,-42717194478311.78,-42717194478311.78,-42717194478311.78
4,ARM,349784345737.8086,448056238751.71326,389361891814.325,390620625061.4712,39577546076.51642,39577546076.51642,39577546076.51642,-58694346937.388245,-58694346937.388245,-58694346937.388245,40836279323.6626,40836279323.6626,40836279323.6626,-57435613690.242065,-57435613690.242065,-57435613690.242065
5,ATG,1656290876.0173082,2176622164.675875,13201057572.647617,15361261176.418753,11544766696.63031,11544766696.63031,11544766696.63031,11024435407.971743,11024435407.971743,11024435407.971743,13704970300.401443,13704970300.401443,13704970300.401443,13184639011.742878,13184639011.742878,13184639011.742878
6,AUS,2722127034358.2524,4097844327904.7617,3125895318126.675,3737121063896.2935,403768283768.42236,403768283768.42236,403768283768.42236,-971949009778.0869,-971949009778.0869,-971949009778.0869,1014994029538.041,1014994029538.041,1014994029538.041,-360723264008.46826,-360723264008.46826,-360723264008.46826
7,AUT,1047783108067.7435,1319455180897.3289,1156473506511.5315,1184229786920.1934,108690398443.78796,108690398443.78796,108690398443.78796,-162981674385.79736,-162981674385.79736,-162981674385.79736,136446678852.44983,136446678852.44983,136446678852.44983,-135225393977.1355,-135225393977.1355,-135225393977.1355
8,AZE,1291319425766.7031,1520247765023.701,1272035866050.6936,1444032930238.7349,-19283559716.00952,-19283559716.00952,-19283559716.00952,-248211898973.00732,-248211898973.00732,-248211898973.00732,152713504472.03174,152713504472.03174,152713504472.03174,-76214834784.96606,-76214834784.96606,-76214834784.96606
9,BDI,1565795202219.0364,1945490386229.7126,1215951323258.6653,1969899842396.1086,-349843878960.3711,-349843878960.3711,-349843878960.3711,-729539062971.0474,-729539062971.0474,-729539062971.0474,404104640177.07227,404104640177.07227,404104640177.07227,24409456166.395996,24409456166.395996,24409456166.395996
10,BEN,1897707487780.0615,2311684166955.6655,1280879755027.1902,1971479707672.833,-616827732752.8713,-616827732752.8713,-616827732752.8713,-1030804411928.4753,-1030804411928.4753,-1030804411928.4753,73772219892.77148,73772219892.77148,73772219892.77148,-340204459282.8325,-340204459282.8325,-340204459282.8325
11,BFA,5100000707419.015,5951617082042.325,2168559973679.8945,3430542809411.7295,-2931440733739.12,-2931440733739.12,-2931440733739.12,-3783057108362.4307,-3783057108362.4307,-3783057108362.4307,-1669457898007.2852,-1669457898007.2852,-1669457898007.2852,-2521074272630.5957,-2521074272630.5957,-2521074272630.5957
12,BGD,10095876019313.09,11436032734743.994,21041999543613.26,24899000485269.586,10946123524300.172,10946123524300.172,10946123524300.172,9605966808869.268,9605966808869.268,9605966808869.268,14803124465956.496,14803124465956.496,14803124465956.496,13462967750525.592,13462967750525.592,13462967750525.592
13,BGR,1259378155959.772,1852586233507.9822,976454024610.227,866874442198.1006,-282924131349.5449,-282924131349.5449,-282924131349.5449,-876132208897.7551,-876132208897.7551,-876132208897.7551,-392503713761.6714,-392503713761.6714,-392503713761.6714,-985711791309.8816,-985711791309.8816,-985711791309.8816
14,BHR,14999086787.429358,18190296949.546673,182175841971.113,277543023714.0829,167176755183.68365,167176755183.68365,167176755183.68365,163985545021.56635,163985545021.56635,163985545021.56635,262543936926.65353,262543936926.65353,262543936926.65353,259352726764.53622,259352726764.53622,259352726764.53622
15,BHS,44189397391.8602,50249433001.58751,51672404547.87695,59635352352.57769,7483007156.016754,7483007156.016754,7483007156.016754,1422971546.289444,1422971546.289444,1422971546.289444,15445954960.717491,15445954960.717491,15445954960.717491,9385919350.990181,9385919350.990181,9385919350.990181
16,BIH,388878875717.64734,476451703191.7605,486551996928.174,458519779508.7328,97673121210.52667,97673121210.52667,97673121210.52667,10100293736.413513,10100293736.413513,10100293736.413513,69640903791.08545,69640903791.08545,69640903791.08545,-17931923683.02771,-17931923683.02771,-17931923683.02771
17,BLR,1747800429438.4492,2162209899797.8118,1277430814471.9248,1227663566619.1516,-470369614966.5244,-470369614966.5244,-470369614966.5244,-884779085325.887,-884779085325.887,-884779085325.887,-520136862819.2976,-520136862819.2976,-520136862819.2976,-934546333178.6602,-934546333178.6602,-934546333178.6602
18,BLZ,6735346189.112253,19793933060.77926,45935637668.29093,62622423364.32587,39200291479.17868,39200291479.17868,39200291479.17868,26141704607.511673,26141704607.511673,26141704607.511673,55887077175.213615,55887077175.213615,55887077175.213615,42828490303.54661,42828490303.54661,42828490303.54661
19,BOL,3079158304177.9004,3551235375609.4316,1367719320613.4065,1722770230516.0713,-1711438983564.494,-1711438983564.494,-1711438983564.494,-2183516054996.0251,-2183516054996.0251,-2183516054996.0251,-1356388073661.829,-1356388073661.829,-1356388073661.829,-1828465145093.3604,-1828465145093.3604,-1828465145093.3604
20,BRA,53318902013139.98,64933174314658.78,27533871889668.367,30590041989310.688,-25785030123471.61,-25785030123471.61,-25785030123471.61,-37399302424990.414,-37399302424990.414,-37399302424990.414,-22728860023829.29,-22728860023829.29,-22728860023829.29,-34343132325348.094,-34343132325348.094,-34343132325348.094
21,BRB,48741747019.9418,52765485538.25244,38006717581.64626,38575641560.97073,-10735029438.29554,-10735029438.29554,-10735029438.29554,-14758767956.606178,-14758767956.606178,-14758767956.606178,-10166105458.97107,-10166105458.97107,-10166105458.97107,-14189843977.281708,-14189843977.281708,-14189843977.281708
22,BRN,47564893668.98834,51137542245.98651,55590284133.06769,66864210817.97073,8025390464.079346,8025390464.079346,8025390464.079346,4452741887.081177,4452741887.081177,4452741887.081177,19299317148.98239,19299317148.98239,19299317148.98239,15726668571.984222,15726668571.984222,15726668571.984222
23,BTN,53852830158.21328,64351100456.58236,103047466865.9347,123127506366.80139,49194636707.72141,49194636707.72141,49194636707.72141,38696366409.35233,38696366409.35233,38696366409.35233,69274676208.5881,69274676208.5881,69274676208.5881,58776405910.21903,58776405910.21903,58776405910.21903
24,BWA,53086059166.95244,64845343229.050766,283492844139.53375,372712106280.34503,230406784972.5813,230406784972.5813,230406784972.5813,218647500910.48297,218647500910.48297,218647500910.48297,319626047113.3926,319626047113.3926,319626047113.3926,307866763051.29425,307866763051.29425,307866763051.29425
25,CAF,502578878603.1462,619462141541.2064,563941565762.6725,770580774501.384,61362687159.526306,61362687159.526306,61362687159.526306,-55520575778.533936,-55520575778.533936,-55520575778.533936,268001895898.23785,268001895898.23785,268001895898.23785,151118632960.1776,151118632960.1776,151118632960.1776
26,CAN,7146002129372.591,11189572230071.826,4781197426302.723,5389575910040.153,-2364804703069.868,-2364804703069.868,-2364804703069.868,-6408374803769.104,-6408374803769.104,-6408374803769.104,-1756426219332.4375,-1756426219332.4375,-1756426219332.4375,-5799996320031.673,-5799996320031.673,-5799996320031.673
27,CHE,819267153133.4415,963255784290.9075,1099842289754.4324,1216716045990.4636,280575136620.99084,280575136620.99084,280575136620.99084,136586505463.5249,136586505463.5249,136586505463.5249,397448892857.0221,397448892857.0221,397448892857.0221,253460261699.55615,253460261699.55615,253460261699.55615
28,CHL,687551791021.1229,1082267352285.9017,2366058482428.4595,2638443119988.3984,1678506691407.3364,1678506691407.3364,1678506691407.3364,1283791130142.5576,1283791130142.5576,1283791130142.5576,1950891328967.2754,1950891328967.2754,1950891328967.2754,1556175767702.4966,1556175767702.4966,1556175767702.4966
29,CIV,2593096233950.7324,3334629375236.977,2816671460012.2944,4195712849906.6685,223575226061.562,223575226061.562,223575226061.562,-517957915224.6826,-517957915224.6826,-517957915224.6826,1602616615955.936,1602616615955.936,1602616615955.936,861083474669.6914,861083474669.6914,861083474669.6914
30,CMR,5386398232236.201,6601446147659.158,2766555437876.446,4170671970861.4897,-2619842794359.7554,-2619842794359.7554,-2619842794359.7554,-3834890709782.7124,-3834890709782.7124,-3834890709782.7124,-1215726261374.7114,-1215726261374.7114,-1215726261374.7114,-2430774176797.6685,-2430774176797.6685,-2430774176797.6685
31,COD,8007940619554.638,10353288164868.355,9022314596040.506,14947409426167.098,1014373976485.8682,1014373976485.8682,1014373976485.8682,-1330973568827.8496,-1330973568827.8496,-1330973568827.8496,6939468806612.46,6939468806612.46,6939468806612.46,4594121261298.742,4594121261298.742,4594121261298.742
32,COG,474418975488.5791,578828934041.688,606447685758.0944,925965645297.882,132028710269.51526,132028710269.51526,132028710269.51526,27618751716.406372,27618751716.406372,27618751716.406372,451546669809.30286,451546669809.30286,451546669809.30286,347136711256.194,347136711256.194,347136711256.194
33,COL,5006854034536.79,6033569603652.228,6412939746142.029,7197996360998.442,1406085711605.2393,1406085711605.2393,1406085711605.2393,379370142489.80176,379370142489.80176,379370142489.80176,2191142326461.6523,2191142326461.6523,2191142326461.6523,1164426757346.2148,1164426757346.2148,1164426757346.2148
34,COM,35694517905.27649,44712915589.27478,95847702520.61177,136272339006.94681,60153184615.33528,60153184615.33528,60153184615.33528,51134786931.33699,51134786931.33699,51134786931.33699,100577821101.67032,100577821101.67032,100577821101.67032,91559423417.67203,91559423417.67203,91559423417.67203
35,CPR,272957835851036.0,324845332862815.25,190123572205781.38,198236706389529.6,-82834263645254.62,-82834263645254.62,-82834263645254.62,-134721760657033.88,-134721760657033.88,-134721760657033.88,-74721129461506.4,-74721129461506.4,-74721129461506.4,-126608626473285.66,-126608626473285.66,-126608626473285.66
36,CPV,47599933410.26197,52659951494.25568,68654072411.51694,83911528158.41837,21054139001.254967,21054139001.254967,21054139001.254967,15994120917.261261,15994120917.261261,15994120917.261261,36311594748.156395,36311594748.156395,36311594748.156395,31251576664.16269,31251576664.16269,31251576664.16269
37,CRI,703999167764.523,877502787558.8806,638968933069.293,730932050367.6758,-65030234695.22998,-65030234695.22998,-65030234695.22998,-238533854489.58765,-238533854489.58765,-238533854489.58765,26932882603.152832,26932882603.152832,26932882603.152832,-146570737191.20483,-146570737191.20483,-146570737191.20483
38,CUB,1140828429391.008,1416448636909.476,1545647530680.4197,1536658646123.8267,404819101289.4116,404819101289.4116,404819101289.4116,129198893770.9436,129198893770.9436,129198893770.9436,395830216732.8186,395830216732.8186,395830216732.8186,120210009214.35059,120210009214.35059,120210009214.35059
39,CYP,126465142575.44646,148013109583.21075,156305306449.9658,173814694915.88513,29840163874.519333,29840163874.519333,29840163874.519333,8292196866.755035,8292196866.755035,8292196866.755035,47349552340.438675,47349552340.438675,47349552340.438675,25801585332.674377,25801585332.674377,25801585332.674377
40,CZE,1184530013168.0728,1538444131791.1567,1432309546634.8035,1421599936118.045,247779533466.7307,247779533466.7307,247779533466.7307,-106134585156.35327,-106134585156.35327,-106134585156.35327,237069922949.97217,237069922949.97217,237069922949.97217,-116844195673.11182,-116844195673.11182,-116844195673.11182
41,DEU,10749283790617.217,13147220960420.008,10909640854860.613,10849233857232.941,160357064243.39648,160357064243.39648,160357064243.39648,-2237580105559.3945,-2237580105559.3945,-2237580105559.3945,99950066615.72461,99950066615.72461,99950066615.72461,-2297987103187.0664,-2297987103187.0664,-2297987103187.0664
42,DJI,15472229084.181608,19856835168.130444,119619749745.19225,150788135741.0639,104147520661.01064,104147520661.01064,104147520661.01064,99762914577.0618,99762914577.0618,99762914577.0618,135315906656.8823,135315906656.8823,135315906656.8823,130931300572.93346,130931300572.93346,130931300572.93346
43,DNK,939926264404.0101,1161046531646.506,761760061247.1615,804949964961.8761,-178166203156.84863,-178166203156.84863,-178166203156.84863,-399286470399.3446,-399286470399.3446,-399286470399.3446,-134976299442.13403,-134976299442.13403,-134976299442.13403,-356096566684.63,-356096566684.63,-356096566684.63
44,DZA,6446364815926.459,7447254851562.6455,5101902030362.511,6505537995032.906,-1344462785563.9482,-1344462785563.9482,-1344462785563.9482,-2345352821200.135,-2345352821200.135,-2345352821200.135,59173179106.447266,59173179106.447266,59173179106.447266,-941716856529.7393,-941716856529.7393,-941716856529.7393
45,ECU,736461369847.754,1118003355927.216,2085841933587.4192,2591561593476.9604,1349380563739.665,1349380563739.665,1349380563739.665,967838577660.2031,967838577660.2031,967838577660.2031,1855100223629.2065,1855100223629.2065,1855100223629.2065,1473558237549.7444,1473558237549.7444,1473558237549.7444
46,EGY,12889069191031.814,15093687903586.604,11861358850197.623,15758965422414.764,-1027710340834.1914,-1027710340834.1914,-1027710340834.1914,-3232329053388.9805,-3232329053388.9805,-3232329053388.9805,2869896231382.949,2869896231382.949,2869896231382.949,665277518828.1602,665277518828.1602,665277518828.1602
47,ESP,8722172474573.236,10296652604530.29,6156780662059.861,6038643736882.437,-2565391812513.375,-2565391812513.375,-2565391812513.375,-4139871942470.4277,-4139871942470.4277,-4139871942470.4277,-2683528737690.8,-2683528737690.8,-2683528737690.8,-4258008867647.8525,-4258008867647.8525,-4258008867647.8525
48,EST,165870156896.45642,229794166936.774,175408033248.29675,166158829024.3258,9537876351.840332,9537876351.840332,9537876351.840332,-54386133688.477234,-54386133688.477234,-54386133688.477234,288672127.86938477,288672127.86938477,288672127.86938477,-63635337912.44818,-63635337912.44818,-63635337912.44818
49,ETH,16638840479805.805,19419533126113.523,12262735303154.959,17922191145626.07,-4376105176650.8457,-4376105176650.8457,-4376105176650.8457,-7156797822958.564,-7156797822958.564,-7156797822958.564,1283350665820.2656,1283350665820.2656,1283350665820.2656,-1497341980487.4531,-1497341980487.4531,-1497341980487.4531
50,FIN,588007357251.269,728427840384.9222,728021635346.8632,758300820959.7457,140014278095.59412,140014278095.59412,140014278095.59412,-406205038.05908203,-406205038.05908203,-406205038.05908203,170293463708.47668,170293463708.47668,170293463708.47668,29872980574.823486,29872980574.823486,29872980574.823486
51,FJI,60220150085.737045,74724404988.91614,117488205099.22176,130568760280.45934,57268055013.48471,57268055013.48471,57268055013.48471,42763800110.30562,42763800110.30562,42763800110.30562,70348610194.72229,70348610194.72229,70348610194.72229,55844355291.5432,55844355291.5432,55844355291.5432
52,FRA,8848787416473.492,11734693556136.402,8413527276788.945,8802160224705.787,-435260139684.5469,-435260139684.5469,-435260139684.5469,-3321166279347.457,-3321166279347.457,-3321166279347.457,-46627191767.70508,-46627191767.70508,-46627191767.70508,-2932533331430.615,-2932533331430.615,-2932533331430.615
53,GAB,128832305948.7195,168928526519.42624,238918215749.78152,336439364708.6688,110085909801.06203,110085909801.06203,110085909801.06203,69989689230.35529,69989689230.35529,69989689230.35529,207607058759.94934,207607058759.94934,207607058759.94934,167510838189.24258,167510838189.24258,167510838189.24258
54,GBR,6797020488907.687,8244235031072.894,8604546936433.942,9296373793848.146,1807526447526.2559,1807526447526.2559,1807526447526.2559,360311905361.0488,360311905361.0488,360311905361.0488,2499353304940.46,2499353304940.46,2499353304940.46,1052138762775.2529,1052138762775.2529,1052138762775.2529
55,GEO,389391284357.9685,445155897852.30743,534406591279.19104,502086650723.599,145015306921.22253,145015306921.22253,145015306921.22253,89250693426.8836,89250693426.8836,89250693426.8836,112695366365.6305,112695366365.6305,112695366365.6305,56930752871.291565,56930752871.291565,56930752871.291565
56,GHA,5354664249109.326,6843105371416.275,3419294447831.396,4814439485786.867,-1935369801277.9302,-1935369801277.9302,-1935369801277.9302,-3423810923584.8794,-3423810923584.8794,-3423810923584.8794,-540224763322.459,-540224763322.459,-540224763322.459,-2028665885629.4082,-2028665885629.4082,-2028665885629.4082
57,GIN,1608578646365.5127,1905670036591.9321,1476158742945.3027,2230993177108.8506,-132419903420.20996,-132419903420.20996,-132419903420.20996,-429511293646.6294,-429511293646.6294,-429511293646.6294,622414530743.3379,622414530743.3379,622414530743.3379,325323140516.91846,325323140516.91846,325323140516.91846
58,GMB,326682970741.4432,362170278224.193,235967184399.84525,376018689104.12933,-90715786341.59793,-90715786341.59793,-90715786341.59793,-126203093824.34775,-126203093824.34775,-126203093824.34775,49335718362.68616,49335718362.68616,49335718362.68616,13848410879.93634,13848410879.93634,13848410879.93634
59,GRC,2022950009431.812,2414002745250.4844,1494483663998.7698,1420587162442.089,-528466345433.04224,-528466345433.04224,-528466345433.04224,-919519081251.7146,-919519081251.7146,-919519081251.7146,-602362846989.7229,-602362846989.7229,-602362846989.7229,-993415582808.3953,-993415582808.3953,-993415582808.3953
60,GRD,7406550675.279015,9058812818.575418,13996178055.40017,14918358762.038504,6589627380.121155,6589627380.121155,6589627380.121155,4937365236.824751,4937365236.824751,4937365236.824751,7511808086.759489,7511808086.759489,7511808086.759489,5859545943.463085,5859545943.463085,5859545943.463085
61,GTM,1890768151875.4358,2310480224985.831,2043883050936.032,2768197347747.0454,153114899060.5962,153114899060.5962,153114899060.5962,-266597174049.79907,-266597174049.79907,-266597174049.79907,877429195871.6096,877429195871.6096,877429195871.6096,457717122761.21436,457717122761.21436,457717122761.21436
62,GUY,108825633723.99417,130770520072.07368,101180546475.18878,110488550329.99655,-7645087248.805389,-7645087248.805389,-7645087248.805389,-29589973596.884903,-29589973596.884903,-29589973596.884903,1662916606.0023804,1662916606.0023804,1662916606.0023804,-20281969742.077133,-20281969742.077133,-20281969742.077133
63,HND,675308544751.2074,815299651393.5094,1146563944287.9182,1475191766768.2605,471255399536.7108,471255399536.7108,471255399536.7108,331264292894.4088,331264292894.4088,331264292894.4088,799883222017.0531,799883222017.0531,799883222017.0531,659892115374.7511,659892115374.7511,659892115374.7511
64,HRV,612786394088.9353,756615178500.7202,571672804227.1987,519610389686.9107,-41113589861.73657,-41113589861.73657,-41113589861.73657,-184942374273.52148,-184942374273.52148,-184942374273.52148,-93176004402.0246,-93176004402.0246,-93176004402.0246,-237004788813.8095,-237004788813.8095,-237004788813.8095
65,HUN,2348644016980.803,2917451322712.461,1330974259031.629,1247327557642.6484,-1017669757949.1743,-1017669757949.1743,-1017669757949.1743,-1586477063680.832,-1586477063680.832,-1586477063680.832,-1101316459338.1548,-1101316459338.1548,-1101316459338.1548,-1670123765069.8125,-1670123765069.8125,-1670123765069.8125
66,IDN,20462663075237.19,24465020073544.35,33911081982681.72,39865406238706.72,13448418907444.527,13448418907444.527,13448418907444.527,9446061909137.367,9446061909137.367,9446061909137.367,19402743163469.527,19402743163469.527,19402743163469.527,15400386165162.367,15400386165162.367,15400386165162.367
67,IND,162836027956601.06,194752617284668.38,171444638613185.6,203177020885273.25,8608610656584.531,8608610656584.531,8608610656584.531,-23307978671482.78,-23307978671482.78,-23307978671482.78,40340992928672.19,40340992928672.19,40340992928672.19,8424403600604.875,8424403600604.875,8424403600604.875
68,IRL,835688098479.7543,984757943694.248,623765238838.2365,699985712875.8254,-211922859641.51782,-211922859641.51782,-211922859641.51782,-360992704856.0116,-360992704856.0116,-360992704856.0116,-135702385603.92883,-135702385603.92883,-135702385603.92883,-284772230818.4226,-284772230818.4226,-284772230818.4226
69,IRN,11848476878397.686,13820271248994.79,10501061162205.592,12153777978207.066,-1347415716192.0938,-1347415716192.0938,-1347415716192.0938,-3319210086789.1973,-3319210086789.1973,-3319210086789.1973,305301099809.38086,305301099809.38086,305301099809.38086,-1666493270787.7227,-1666493270787.7227,-1666493270787.7227
70,ISL,77897483819.90881,92668354990.82689,43589715270.33293,48302851957.49943,-34307768549.575882,-34307768549.575882,-34307768549.575882,-49078639720.49396,-49078639720.49396,-49078639720.49396,-29594631862.409386,-29594631862.409386,-29594631862.409386,-44365503033.32746,-44365503033.32746,-44365503033.32746
71,ISR,1400711253815.5254,1620309273871.4954,1028766971643.7217,1302227715336.8557,-371944282171.8037,-371944282171.8037,-371944282171.8037,-591542302227.7737,-591542302227.7737,-591542302227.7737,-98483538478.66968,-98483538478.66968,-98483538478.66968,-318081558534.63965,-318081558534.63965,-318081558534.63965
72,ITA,9816678737588.193,11713179835042.488,7885094921358.049,7591238273195.571,-1931583816230.1445,-1931583816230.1445,-1931583816230.1445,-3828084913684.4395,-3828084913684.4395,-3828084913684.4395,-2225440464392.622,-2225440464392.622,-2225440464392.622,-4121941561846.917,-4121941561846.917,-4121941561846.917
73,JAM,302207789607.3004,353050986456.58923,381524685164.5668,389462330909.0891,79316895557.26636,79316895557.26636,79316895557.26636,28473698707.97754,28473698707.97754,28473698707.97754,87254541301.7887,87254541301.7887,87254541301.7887,36411344452.49988,36411344452.49988,36411344452.49988
74,JOR,921567466305.1942,1055024241495.5522,1126598191006.7283,1462003706745.639,205030724701.53406,205030724701.53406,205030724701.53406,71573949511.17603,71573949511.17603,71573949511.17603,540436240440.4447,540436240440.4447,540436240440.4447,406979465250.0867,406979465250.0867,406979465250.0867
75,JPN,10650254481608.982,12212761134698.27,16895712628880.074,15840401739838.812,6245458147271.092,6245458147271.092,6245458147271.092,4682951494181.805,4682951494181.805,4682951494181.805,5190147258229.83,5190147258229.83,5190147258229.83,3627640605140.543,3627640605140.543,3627640605140.543
76,KAZ,4238119826723.391,5297753119384.011,2295277596692.975,2716239382959.422,-1942842230030.416,-1942842230030.416,-1942842230030.416,-3002475522691.0356,-3002475522691.0356,-3002475522691.0356,-1521880443763.9692,-1521880443763.9692,-1521880443763.9692,-2581513736424.589,-2581513736424.589,-2581513736424.589
77,KEN,6117444315226.517,7269302719155.184,5783266649750.998,8592081675776.589,-334177665475.51855,-334177665475.51855,-334177665475.51855,-1486036069404.1855,-1486036069404.1855,-1486036069404.1855,2474637360550.0723,2474637360550.0723,2474637360550.0723,1322778956621.4053,1322778956621.4053,1322778956621.4053
78,KGZ,784661380421.4292,962408289035.825,746909254538.5261,920938393554.3783,-37752125882.903076,-37752125882.903076,-37752125882.903076,-215499034497.29883,-215499034497.29883,-215499034497.29883,136277013132.9491,136277013132.9491,136277013132.9491,-41469895481.446655,-41469895481.446655,-41469895481.446655
79,KHM,2330866365010.5107,2901845467938.1553,1995618091618.8628,2500782983115.5654,-335248273391.64795,-335248273391.64795,-335248273391.64795,-906227376319.2925,-906227376319.2925,-906227376319.2925,169916618105.0547,169916618105.0547,169916618105.0547,-401062484822.58984,-401062484822.58984,-401062484822.58984
80,KIR,10625362484.774773,12677453979.231667,14198636537.998253,18497405463.35978,3573274053.22348,3573274053.22348,3573274053.22348,1521182558.7665863,1521182558.7665863,1521182558.7665863,7872042978.585007,7872042978.585007,7872042978.585007,5819951484.128113,5819951484.128113,5819951484.128113
81,KOR,5811848108080.96,6866823041245.72,6937299509855.368,7157748830343.151,1125451401774.4082,1125451401774.4082,1125451401774.4082,70476468609.64844,70476468609.64844,70476468609.64844,1345900722262.1914,1345900722262.1914,1345900722262.1914,290925789097.43164,290925789097.43164,290925789097.43164
82,KWT,472477916346.95905,533652345423.6377,511739298460.6533,673353304995.8167,39261382113.694275,39261382113.694275,39261382113.694275,-21913046962.984375,-21913046962.984375,-21913046962.984375,200875388648.8576,200875388648.8576,200875388648.8576,139700959572.17896,139700959572.17896,139700959572.17896
83,LBN,663979005749.0011,773965245938.9244,750539078925.4003,726965185650.4352,86560073176.39917,86560073176.39917,86560073176.39917,-23426167013.52417,-23426167013.52417,-23426167013.52417,62986179901.43408,62986179901.43408,62986179901.43408,-47000060288.48926,-47000060288.48926,-47000060288.48926
84,LBY,306260533266.1923,384203900397.57324,820377819899.6368,990868901221.4619,514117286633.4445,514117286633.4445,514117286633.4445,436173919502.0636,436173919502.0636,436173919502.0636,684608367955.2695,684608367955.2695,684608367955.2695,606665000823.8887,606665000823.8887,606665000823.8887
85,LCA,31032403270.942265,33909316412.258965,23838188516.551468,25164377454.56251,-7194214754.390797,-7194214754.390797,-7194214754.390797,-10071127895.707497,-10071127895.707497,-10071127895.707497,-5868025816.379753,-5868025816.379753,-5868025816.379753,-8744938957.696453,-8744938957.696453,-8744938957.696453
86,LKA,1996752427459.8926,2239747190827.414,2764059482412.926,2910105314796.6904,767307054953.0332,767307054953.0332,767307054953.0332,524312291585.5117,524312291585.5117,524312291585.5117,913352887336.7979,913352887336.7979,913352887336.7979,670358123969.2764,670358123969.2764,670358123969.2764
87,LTU,503253430437.3081,787980560897.211,396441497456.9073,358484886157.7939,-106811932980.40082,-106811932980.40082,-106811932980.40082,-391539063440.3038,-391539063440.3038,-391539063440.3038,-144768544279.51422,-144768544279.51422,-144768544279.51422,-429495674739.4172,-429495674739.4172,-429495674739.4172
88,LVA,215339139725.6155,368835189677.9208,269864264108.4985,232786398737.39005,54525124382.882996,54525124382.882996,54525124382.882996,-98970925569.42227,-98970925569.42227,-98970925569.42227,17447259011.774536,17447259011.774536,17447259011.774536,-136048790940.53073,-136048790940.53073,-136048790940.53073
89,MAR,5264255435413.63,6306571237702.614,4536951400011.615,5478508278879.259,-727304035402.0146,-727304035402.0146,-727304035402.0146,-1769619837690.999,-1769619837690.999,-1769619837690.999,214252843465.6289,214252843465.6289,214252843465.6289,-828062958823.3555,-828062958823.3555,-828062958823.3555
90,MDA,378276548333.4064,500356969885.2674,555672041428.1741,525055160711.89703,177395493094.7677,177395493094.7677,177395493094.7677,55315071542.90668,55315071542.90668,55315071542.90668,146778612378.49066,146778612378.49066,146778612378.49066,24698190826.62964,24698190826.62964,24698190826.62964
91,MDG,1527833574946.0957,1885168936931.361,2962781766447.7134,4522921938396.816,1434948191501.6177,1434948191501.6177,1434948191501.6177,1077612829516.3523,1077612829516.3523,1077612829516.3523,2995088363450.7207,2995088363450.7207,2995088363450.7207,2637753001465.455,2637753001465.455,2637753001465.455
92,MDV,46970863427.4001,49670631102.80475,54479185825.09692,69747183869.48117,7508322397.6968155,7508322397.6968155,7508322397.6968155,4808554722.292168,4808554722.292168,4808554722.292168,22776320442.08107,22776320442.08107,22776320442.08107,20076552766.676422,20076552766.676422,20076552766.676422
93,MEX,13797670549222.184,16461320380151.543,16400990862737.762,19715176201473.6,2603320313515.578,2603320313515.578,2603320313515.578,-60329517413.78125,-60329517413.78125,-60329517413.78125,5917505652251.418,5917505652251.418,5917505652251.418,3253855821322.0586,3253855821322.0586,3253855821322.0586
94,MKD,300665780565.25555,373926038778.8427,284210447811.8524,283563306106.2347,-16455332753.403137,-16455332753.403137,-16455332753.403137,-89715590966.9903,-89715590966.9903,-89715590966.9903,-17102474459.020874,-17102474459.020874,-17102474459.020874,-90362732672.60803,-90362732672.60803,-90362732672.60803
95,MLI,4210685877656.4556,4921005116024.79,2065168465415.0818,3345205756336.8066,-2145517412241.3738,-2145517412241.3738,-2145517412241.3738,-2855836650609.708,-2855836650609.708,-2855836650609.708,-865480121319.6489,-865480121319.6489,-865480121319.6489,-1575799359687.9834,-1575799359687.9834,-1575799359687.9834
96,MLT,79188052370.69841,94688273700.01436,58046337069.76255,59673644723.467926,-21141715300.93586,-21141715300.93586,-21141715300.93586,-36641936630.25181,-36641936630.25181,-36641936630.25181,-19514407647.230484,-19514407647.230484,-19514407647.230484,-35014628976.54643,-35014628976.54643,-35014628976.54643
97,MNG,257666509010.46445,303232492776.4496,382849084279.622,475867050595.033,125182575269.15756,125182575269.15756,125182575269.15756,79616591503.17242,79616591503.17242,79616591503.17242,218200541584.56857,218200541584.56857,218200541584.56857,172634557818.58344,172634557818.58344,172634557818.58344
98,MRT,190926753180.386,223046988761.6819,512763633767.6053,777653991091.0698,321836880587.2193,321836880587.2193,321836880587.2193,289716645005.9234,289716645005.9234,289716645005.9234,586727237910.6838,586727237910.6838,586727237910.6838,554607002329.388,554607002329.388,554607002329.388
99,MUS,143430359936.4195,152746165176.0003,172009889940.26587,176073144423.87448,28579530003.846375,28579530003.846375,28579530003.846375,19263724764.265564,19263724764.265564,19263724764.265564,32642784487.454987,32642784487.454987,32642784487.454987,23326979247.874176,23326979247.874176,23326979247.874176
100,MWI,2969035753571.019,3704230077562.9424,2113140379259.9983,3347506009506.156,-855895374311.0208,-855895374311.0208,-855895374311.0208,-1591089698302.944,-1591089698302.944,-1591089698302.944,378470255935.1367,378470255935.1367,378470255935.1367,-356724068056.7866,-356724068056.7866,-356724068056.7866
101,MYS,2547063258476.9346,2848379533338.018,4061887425916.273,4980567506591.471,1514824167439.3384,1514824167439.3384,1514824167439.3384,1213507892578.255,1213507892578.255,1213507892578.255,2433504248114.536,2433504248114.536,2433504248114.536,2132187973253.4526,2132187973253.4526,2132187973253.4526
102,NAM,137210216708.30174,160812138338.76782,303241138958.8332,421282639731.54376,166030922250.53143,166030922250.53143,166030922250.53143,142429000620.06537,142429000620.06537,142429000620.06537,284072423023.242,284072423023.242,284072423023.242,260470501392.77594,260470501392.77594,260470501392.77594
103,NER,11195469518513.928,13059521439465.912,2303135838060.3677,4233620441063.4824,-8892333680453.56,-8892333680453.56,-8892333680453.56,-10756385601405.545,-10756385601405.545,-10756385601405.545,-6961849077450.445,-6961849077450.445,-6961849077450.445,-8825900998402.43,-8825900998402.43,-8825900998402.43
104,NGA,35614047360284.39,43668895421521.97,21907570641658.34,33169042882427.934,-13706476718626.05,-13706476718626.05,-13706476718626.05,-21761324779863.63,-21761324779863.63,-21761324779863.63,-2445004477856.457,-2445004477856.457,-2445004477856.457,-10499852539094.035,-10499852539094.035,-10499852539094.035
105,NIC,924676275923.9929,1073657012928.0275,788439755103.5382,938659474188.6472,-136236520820.45471,-136236520820.45471,-136236520820.45471,-285217257824.48926,-285217257824.48926,-285217257824.48926,13983198264.654297,13983198264.654297,13983198264.654297,-134997538739.38025,-134997538739.38025,-134997538739.38025
106,NLD,3581157792072.8623,4450208198080.14,2270031780249.408,2338538964383.9546,-1311126011823.454,-1311126011823.454,-1311126011823.454,-2180176417830.7314,-2180176417830.7314,-2180176417830.7314,-1242618827688.9077,-1242618827688.9077,-1242618827688.9077,-2111669233696.185,-2111669233696.185,-2111669233696.185
107,NOR,375924384895.6397,466641098112.4079,685002034909.3656,790654817523.1218,309077650013.7259,309077650013.7259,309077650013.7259,218360936796.9577,218360936796.9577,218360936796.9577,414730432627.4821,414730432627.4821,414730432627.4821,324013719410.7139,324013719410.7139,324013719410.7139
108,NPL,3280752401948.575,4007968117922.8467,3721588569008.802,4452703050947.191,440836167060.22656,440836167060.22656,440836167060.22656,-286379548914.0449,-286379548914.0449,-286379548914.0449,1171950648998.6162,1171950648998.6162,1171950648998.6162,444734933024.3447,444734933024.3447,444734933024.3447
109,NZL,810344892404.7441,1068530860897.2699,608213493487.996,691312580376.2147,-202131398916.74817,-202131398916.74817,-202131398916.74817,-460317367409.2739,-460317367409.2739,-460317367409.2739,-119032312028.52942,-119032312028.52942,-119032312028.52942,-377218280521.0552,-377218280521.0552,-377218280521.0552
110,OMN,364898324197.1718,430893716584.8667,530683799578.39844,806634864973.0105,165785475381.22662,165785475381.22662,165785475381.22662,99790082993.53174,99790082993.53174,99790082993.53174,441736540775.8387,441736540775.8387,441736540775.8387,375741148388.1438,375741148388.1438,375741148388.1438
111,PAK,16857735957756.744,19318553276710.57,23860236603785.785,31983277890332.46,7002500646029.041,7002500646029.041,7002500646029.041,4541683327075.215,4541683327075.215,4541683327075.215,15125541932575.717,15125541932575.717,15125541932575.717,12664724613621.89,12664724613621.89,12664724613621.89
112,PAN,283752565667.56915,328735509324.7705,512672902400.38873,646397714327.802,228920336732.81958,228920336732.81958,228920336732.81958,183937393075.61823,183937393075.61823,183937393075.61823,362645148660.23285,362645148660.23285,362645148660.23285,317662205003.0315,317662205003.0315,317662205003.0315
113,PER,4301638698500.568,5155128519742.263,4080812139357.33,4905496560208.3,-220826559143.2378,-220826559143.2378,-220826559143.2378,-1074316380384.9326,-1074316380384.9326,-1074316380384.9326,603857861707.7319,603857861707.7319,603857861707.7319,-249631959533.9629,-249631959533.9629,-249631959533.9629
114,PHL,6937632244694.902,8628559701753.089,13077753582083.426,16572277908970.94,6140121337388.523,6140121337388.523,6140121337388.523,4449193880330.337,4449193880330.337,4449193880330.337,9634645664276.037,9634645664276.037,9634645664276.037,7943718207217.851,7943718207217.851,7943718207217.851
115,PNG,608019242680.2207,772444851428.2025,995999811567.8282,1365086705200.861,387980568887.60754,387980568887.60754,387980568887.60754,223554960139.62573,223554960139.62573,223554960139.62573,757067462520.6404,757067462520.6404,757067462520.6404,592641853772.6586,592641853772.6586,592641853772.6586
116,POL,4186492647857.059,5629994945679.303,5178291914537.632,4922481906196.579,991799266680.5728,991799266680.5728,991799266680.5728,-451703031141.6709,-451703031141.6709,-451703031141.6709,735989258339.52,735989258339.52,735989258339.52,-707513039482.7236,-707513039482.7236,-707513039482.7236
117,PRT,2231820885684.9385,2525676733896.4033,1398204130522.981,1305916582241.0613,-833616755161.9575,-833616755161.9575,-833616755161.9575,-1127472603373.4224,-1127472603373.4224,-1127472603373.4224,-925904303443.8772,-925904303443.8772,-925904303443.8772,-1219760151655.342,-1219760151655.342,-1219760151655.342
118,PRY,3542832036002.8687,4492225127354.986,859466232925.1161,1040003204165.777,-2683365803077.7524,-2683365803077.7524,-2683365803077.7524,-3632758894429.87,-3632758894429.87,-3632758894429.87,-2502828831837.092,-2502828831837.092,-2502828831837.092,-3452221923189.2095,-3452221923189.2095,-3452221923189.2095
119,QAT,15644959742.369482,19805677191.65755,330039875575.68005,453711706552.0236,314394915833.31055,314394915833.31055,314394915833.31055,310234198384.0225,310234198384.0225,310234198384.0225,438066746809.6541,438066746809.6541,438066746809.6541,433906029360.3661,433906029360.3661,433906029360.3661
120,ROU,3553539143801.0483,4763902796685.879,2697713803644.43,2485074128053.6167,-855825340156.6182,-855825340156.6182,-855825340156.6182,-2066188993041.4487,-2066188993041.4487,-2066188993041.4487,-1068465015747.4316,-1068465015747.4316,-1068465015747.4316,-2278828668632.262,-2278828668632.262,-2278828668632.262
121,RUS,31239917659579.25,37919427485602.01,19383069000441.81,18867503958287.094,-11856848659137.441,-11856848659137.441,-11856848659137.441,-18536358485160.2,-18536358485160.2,-18536358485160.2,-12372413701292.156,-12372413701292.156,-12372413701292.156,-19051923527314.914,-19051923527314.914,-19051923527314.914
122,RWA,2207873678110.673,2700596447819.3853,1427649121090.5525,2064461917318.2468,-780224557020.1204,-780224557020.1204,-780224557020.1204,-1272947326728.8328,-1272947326728.8328,-1272947326728.8328,-143411760792.42603,-143411760792.42603,-143411760792.42603,-636134530501.1384,-636134530501.1384,-636134530501.1384
123,SAU,3407854159217.905,3750010380225.648,4093415226659.973,5355600903010.985,685561067442.0684,685561067442.0684,685561067442.0684,343404846434.3252,343404846434.3252,343404846434.3252,1947746743793.0806,1947746743793.0806,1947746743793.0806,1605590522785.3374,1605590522785.3374,1605590522785.3374
124,SEN,2554619099354.075,2934340403427.544,1809730077989.0613,2804346710661.524,-744889021365.0139,-744889021365.0139,-744889021365.0139,-1124610325438.4827,-1124610325438.4827,-1124610325438.4827,249727611307.44873,249727611307.44873,249727611307.44873,-129993692766.02002,-129993692766.02002,-129993692766.02002
125,SGP,589829059254.3553,626759423280.9641,749617671490.9868,868019860609.4031,159788612236.63147,159788612236.63147,159788612236.63147,122858248210.0227,122858248210.0227,122858248210.0227,278190801355.0477,278190801355.0477,278190801355.0477,241260437328.43896,241260437328.43896,241260437328.43896
126,SLB,70158759670.50223,83753648170.93265,73103436434.61476,100105008136.66106,2944676764.1125336,2944676764.1125336,2944676764.1125336,-10650211736.317886,-10650211736.317886,-10650211736.317886,29946248466.15883,29946248466.15883,29946248466.15883,16351359965.728409,16351359965.728409,16351359965.728409
127,SLE,834897365006.7474,1068473761507.4886,887150878066.7224,1242443482975.6572,52253513059.974976,52253513059.974976,52253513059.974976,-181322883440.76624,-181322883440.76624,-181322883440.76624,407546117968.9098,407546117968.9098,407546117968.9098,173969721468.16858,173969721468.16858,173969721468.16858
128,SLV,664901458454.4596,760302398225.9834,827371157773.3198,901423375294.6692,162469699318.86023,162469699318.86023,162469699318.86023,67068759547.336426,67068759547.336426,67068759547.336426,236521916840.2096,236521916840.2096,236521916840.2096,141120977068.6858,141120977068.6858,141120977068.6858
129,STP,11951535165.238583,15167263781.614498,23751485867.126194,33958978837.42596,11799950701.887611,11799950701.887611,11799950701.887611,8584222085.511696,8584222085.511696,8584222085.511696,22007443672.187378,22007443672.187378,22007443672.187378,18791715055.811462,18791715055.811462,18791715055.811462
130,SUR,28323710328.59305,37402814608.04505,72778132396.05235,82638494382.3464,44454422067.459305,44454422067.459305,44454422067.459305,35375317788.0073,35375317788.0073,35375317788.0073,54314784053.75336,54314784053.75336,54314784053.75336,45235679774.30135,45235679774.30135,45235679774.30135
131,SVK,493048929946.17883,693606733892.6239,739543110166.7543,730047272856.7482,246494180220.57544,246494180220.57544,246494180220.57544,45936376274.13037,45936376274.13037,45936376274.13037,236998342910.56934,236998342910.56934,236998342910.56934,36440538964.12427,36440538964.12427,36440538964.12427
132,SVN,205063486416.88116,257425412433.6577,276848589311.897,272671049617.46854,71785102895.01581,71785102895.01581,71785102895.01581,19423176878.239258,19423176878.239258,19423176878.239258,67607563200.58737,67607563200.58737,67607563200.58737,15245637183.810822,15245637183.810822,15245637183.810822
133,SWE,1132905654663.8064,1419866897820.705,1282492426346.2646,1412716388302.2017,149586771682.45825,149586771682.45825,149586771682.45825,-137374471474.44043,-137374471474.44043,-137374471474.44043,279810733638.39526,279810733638.39526,279810733638.39526,-7150509518.503418,-7150509518.503418,-7150509518.503418
134,SWZ,34887745501.268845,43097045100.16966,165441515341.9927,216685445044.24066,130553769840.72386,130553769840.72386,130553769840.72386,122344470241.82304,122344470241.82304,122344470241.82304,181797699542.9718,181797699542.9718,181797699542.9718,173588399944.07098,173588399944.07098,173588399944.07098
135,SYC,2940660077.723262,3687986435.2411942,12452991541.67737,13161522362.873276,9512331463.95411,9512331463.95411,9512331463.95411,8765005106.436176,8765005106.436176,8765005106.436176,10220862285.150013,10220862285.150013,10220862285.150013,9473535927.632082,9473535927.632082,9473535927.632082
136,SYR,3269502378585.6,3813320421054.2236,2472664379259.841,3488723086428.066,-796837999325.7593,-796837999325.7593,-796837999325.7593,-1340656041794.3828,-1340656041794.3828,-1340656041794.3828,219220707842.46582,219220707842.46582,219220707842.46582,-324597334626.1577,-324597334626.1577,-324597334626.1577
137,TGO,1106992286754.2698,1329071737983.075,906583817829.978,1340957690028.3914,-200408468924.29175,-200408468924.29175,-200408468924.29175,-422487920153.0969,-422487920153.0969,-422487920153.0969,233965403274.12158,233965403274.12158,233965403274.12158,11885952045.316406,11885952045.316406,11885952045.316406
138,THA,8009204650832.547,10035480118633.113,9331082427484.707,9494655112920.23,1321877776652.1602,1321877776652.1602,1321877776652.1602,-704397691148.4062,-704397691148.4062,-704397691148.4062,1485450462087.6836,1485450462087.6836,1485450462087.6836,-540825005712.8828,-540825005712.8828,-540825005712.8828
139,TON,25953942543.49803,30510918956.23601,13524135369.586555,15660370863.616549,-12429807173.911476,-12429807173.911476,-12429807173.911476,-16986783586.649456,-16986783586.649456,-16986783586.649456,-10293571679.881483,-10293571679.881483,-10293571679.881483,-14850548092.619463,-14850548092.619463,-14850548092.619463
140,TTO,100210263039.94048,111704899052.70767,183149733623.2933,187491772178.2615,82939470583.35283,82939470583.35283,82939470583.35283,71444834570.58563,71444834570.58563,71444834570.58563,87281509138.32103,87281509138.32103,87281509138.32103,75786873125.55383,75786873125.55383,75786873125.55383
141,TUN,2170597027489.664,2524199197531.0864,1484216546077.5315,1724348271953.063,-686380481412.1326,-686380481412.1326,-686380481412.1326,-1039982651453.5549,-1039982651453.5549,-1039982651453.5549,-446248755536.6011,-446248755536.6011,-446248755536.6011,-799850925578.0234,-799850925578.0234,-799850925578.0234
142,TUR,18485521618907.984,22354884097476.3,10256334737335.93,11911930528685.482,-8229186881572.055,-8229186881572.055,-8229186881572.055,-12098549360140.371,-12098549360140.371,-12098549360140.371,-6573591090222.502,-6573591090222.502,-6573591090222.502,-10442953568790.818,-10442953568790.818,-10442953568790.818
143,TZA,13930986928884.463,16687408092961.291,6432119237608.574,10457078670864.662,-7498867691275.889,-7498867691275.889,-7498867691275.889,-10255288855352.717,-10255288855352.717,-10255288855352.717,-3473908258019.801,-3473908258019.801,-3473908258019.801,-6230329422096.629,-6230329422096.629,-6230329422096.629
144,UGA,5812666647021.691,7023320366407.289,4713616931056.986,7886547075532.491,-1099049715964.7051,-1099049715964.7051,-1099049715964.7051,-2309703435350.3027,-2309703435350.3027,-2309703435350.3027,2073880428510.7998,2073880428510.7998,2073880428510.7998,863226709125.2021,863226709125.2021,863226709125.2021
145,UKR,19469531949565.168,23186947157471.242,6078705577901.97,5572357514197.726,-13390826371663.2,-13390826371663.2,-13390826371663.2,-17108241579569.273,-17108241579569.273,-17108241579569.273,-13897174435367.441,-13897174435367.441,-13897174435367.441,-17614589643273.516,-17614589643273.516,-17614589643273.516
146,URY,1039731399295.2412,1413818294594.6042,449757675827.63196,472733877973.8325,-589973723467.6093,-589973723467.6093,-589973723467.6093,-964060618766.9723,-964060618766.9723,-964060618766.9723,-566997521321.4087,-566997521321.4087,-566997521321.4087,-941084416620.7717,-941084416620.7717,-941084416620.7717
147,USA,79273365729533.77,99138659624376.8,42439548019503.516,46950205961742.09,-36833817710030.25,-36833817710030.25,-36833817710030.25,-56699111604873.28,-56699111604873.28,-56699111604873.28,-32323159767791.67,-32323159767791.67,-32323159767791.67,-52188453662634.7,-52188453662634.7,-52188453662634.7
148,VCT,9082188381.561043,11802170310.047844,14621585809.504984,15077668122.45469,5539397427.943941,5539397427.943941,5539397427.943941,2819415499.45714,2819415499.45714,2819415499.45714,5995479740.893648,5995479740.893648,5995479740.893648,3275497812.406847,3275497812.406847,3275497812.406847
149,VEN,2630156446859.282,2979634200300.168,4060674371418.6133,4909434282436.625,1430517924559.331,1430517924559.331,1430517924559.331,1081040171118.4453,1081040171118.4453,1081040171118.4453,2279277835577.343,2279277835577.343,2279277835577.343,1929800082136.457,1929800082136.457,1929800082136.457
150,VUT,58074113217.33127,66847513877.18796,33179967734.217907,46211446989.22408,-24894145483.11336,-24894145483.11336,-24894145483.11336,-33667546142.97005,-33667546142.97005,-33667546142.97005,-11862666228.107185,-11862666228.107185,-11862666228.107185,-20636066887.963875,-20636066887.963875,-20636066887.963875
151,YEM,2121426320107.3953,2411369737595.5293,3312017384989.7134,4754605917581.438,1190591064882.318,1190591064882.318,1190591064882.318,900647647394.1841,900647647394.1841,900647647394.1841,2633179597474.043,2633179597474.043,2633179597474.043,2343236179985.909,2343236179985.909,2343236179985.909
152,ZAF,3827459837654.0825,4571666817067.989,7193455634374.406,8608363643178.143,3365995796720.3237,3365995796720.3237,3365995796720.3237,2621788817306.417,2621788817306.417,2621788817306.417,4780903805524.061,4780903805524.061,4780903805524.061,4036696826110.1533,4036696826110.1533,4036696826110.1533
153,ZMB,897461096697.8368,1087262525540.8988,1927817515722.892,3102806238815.967,1030356419025.0553,1030356419025.0553,1030356419025.0553,840554990181.9933,840554990181.9933,840554990181.9933,2205345142118.13,2205345142118.13,2205345142118.13,2015543713275.0679,2015543713275.0679,2015543713275.0679
154,ZWE,546045725159.5146,635815556876.8525,1924781601659.119,2760531910256.7466,1378735876499.6042,1378735876499.6042,1378735876499.6042,1288966044782.2664,1288966044782.2664,1288966044782.2664,2214486185097.232,2214486185097.232,2214486185097.232,2124716353379.894,2124716353379.894,2124716353379.894
