,ISO3,Supply-BaU2,Supply-HalfW2,Iron- 5 (mg/day),Iron- 10 (mg/day),Iron- 15 (mg/day),IrL2030,IrM2030,IrH2030,BaU_needed,BaU_needed_low,BaU_needed_high,HalfW_needed,HalfW_needed_low,HalfW_needed_high,BaU_needed2030,BaU_needed2030_low,BaU_needed2030_high,HalfW_needed2030,HalfW_needed2030_low,HalfW_needed2030_high
0,AFG,188340436751.03122,212416146530.1377,384861452881.0,192430726440.5,128132201837.61113,569736735328.575,284868367664.2875,189662087802.1474,4090289689.4687805,196521016129.96878,-60208234913.42009,-19985420089.637695,172445306350.8623,-84283944692.52657,96527930913.25626,381396298577.5437,1321651051.1161804,72452221134.14978,357320588798.43726,-22754058727.990295
1,ALB,23464278166.16,28037346053.950535,36176999260.333336,18088499630.166668,12038331458.111113,34415563856.20799,17207781928.103996,11449595461.665432,-5375778535.993332,12712721094.173336,-11425946708.048887,-9948846423.783867,8139653206.382801,-15999014595.839422,-6256496238.056004,10951285690.047993,-12014682704.494568,-10829564125.846539,6378217802.257458,-16587750592.285103
2,ARE,5282958553.9021225,6498746646.7492485,106885301938.33333,53442650969.166664,35551452117.388885,132027846205.04414,66013923102.52207,43914837548.40036,48159692415.26454,101602343384.43121,30268493563.486763,46943904322.41742,100386555291.58408,29052705470.639637,60730964548.61995,126744887651.14203,38631878994.49824,59515176455.77283,125529099558.29489,37416090901.65111
3,ARG,1282318189084.7117,1505262479360.0537,522245936987.3333,261122968493.66666,173813417268.0,593881278811.0963,296940639405.54816,197634084806.6562,-1021195220591.045,-760072252097.3784,-1108504771816.7117,-1244139510866.387,-983016542372.7205,-1331449062092.0537,-985377549679.1636,-688436910273.6154,-1084684104278.0554,-1208321839954.5056,-911381200548.9574,-1307628394553.3975
4,ARM,17108195776.26856,20860865649.46667,35927152039.666664,17963576019.833332,11956740761.333334,35243689315.183716,17621844657.591858,11727240037.655296,855380243.5647717,18818956263.3981,-5151455014.935226,-2897289629.633339,15066286390.199993,-8904124888.133337,513648881.3232975,18135493538.915154,-5380955738.613264,-3239020991.874813,14382823665.717045,-9133625611.811375
5,ATG,100047439.20105393,120415775.39626262,1262476770.3333333,631238385.1666666,420234411.7777778,1394686347.3497443,697343173.6748722,464121519.11355335,531190945.9656127,1162429331.1322794,320186972.5767239,510822609.770404,1142060994.9370706,299818636.38151515,597295734.4738182,1294638908.1486905,364074079.9124994,576927398.2786095,1274270571.9534817,343705743.71729076
6,AUS,193620313985.15833,297672156817.65173,281682466695.3333,140841233347.66666,93732885060.1111,331845863740.7522,165922931870.3761,110415489959.79228,-52779080637.49167,88062152710.17499,-99887428925.04723,-156830923469.98508,-15989690122.31842,-203939271757.54065,-27697382114.782227,138225549755.59387,-83204824025.36604,-131749224947.27563,34173706923.100464,-187256666857.85944
7,AUT,85322456710.39017,106398812225.94669,102610086211.33333,51305043105.666664,34140198378.38889,101369568426.23715,50684784213.118576,33721797551.52976,-34017413604.723503,17287629500.94316,-51182258332.00128,-55093769120.28002,-3788726014.6133575,-72258613847.5578,-34637672497.27159,16047111715.846985,-51600659158.86041,-55714028012.82811,-5029243799.709534,-72677014674.41693
8,AZE,93165332248.08656,107981013216.50923,120374743180.66667,60187371590.333336,40067061037.833336,131323476466.05328,65661738233.02664,43699988851.00814,-32977960657.753227,27209410932.58011,-53098271210.25323,-47793641626.175896,12393729964.15744,-67913952178.675896,-27503594015.05992,38158144217.96672,-49465343397.07842,-42319274983.48259,23342463249.544052,-64281024365.50109
9,BDI,28487715177.551094,34446832802.45082,116025451287.66666,58012725643.83333,38633658904.16667,188320868434.28772,94160434217.14386,62700172748.398796,29525010466.282234,87537736110.11557,10145943726.615578,23565892841.382507,81578618485.21584,4186826101.715851,65672719039.592766,159833153256.73663,34212457570.847702,59713601414.69304,153874035631.8369,28253339945.947975
10,BEN,64625973129.926735,74720842624.89285,121618808207.33333,60809404103.666664,40492622888.22221,186886438759.86612,93443219379.93306,62218178764.54839,-3816569026.260071,56992835077.40659,-24133350241.70452,-13911438521.226189,46897965582.440475,-34228219736.67064,28817246250.006325,122260465629.93939,-2407794365.3783417,18722376755.040207,112165596134.97327,-12502663860.34446
11,BFA,183149750788.61957,211016639152.82306,206217494845.66666,103108747422.83333,68662655631.72223,325937857347.6047,162968928673.80234,108514571271.79146,-80041003365.78624,23067744057.04709,-114487095156.89734,-107907891729.98973,-4799144307.156403,-142353983521.10083,-20180822114.81723,142788106558.9851,-74635179516.82811,-48047710479.02072,114921218194.78162,-102502067881.0316
12,BGD,592999965197.4955,667257997965.172,2027063232137.3333,1013531616068.6666,674781175672.9445,2334071890877.716,1167035945438.858,776834548309.175,420531650871.17114,1434063266939.838,81781210475.44897,346273618103.4946,1359805234172.1611,7523177707.772461,574035980241.3624,1741071925680.2202,183834583111.67957,499777947473.6859,1666813892912.544,109576550344.00305
13,BGR,-119933843242.88748,-75069414792.72508,84699202576.99998,42349601288.49999,28178120441.88889,73369292041.32246,36684646020.66123,24405548848.95891,162283444531.38748,204633045819.88745,148111963684.77637,117419016081.22507,159768617369.72507,103247535234.61397,156618489263.5487,193303135284.20996,144339392091.8464,111754060813.38632,148438706834.04755,99474963641.68399
14,BHR,596417972.1527252,712661791.4553931,16432834530.333334,8216417265.166667,5468124401.722222,24148124445.12805,12074062222.564026,8033515200.948575,7619999293.013942,15836416558.180609,4871706429.569497,7503755473.711274,15720172738.877941,4755462610.2668295,11477644250.4113,23551706472.975327,7437097228.79585,11361400431.108633,23435462653.672657,7320853409.493182
15,BHS,1786320730.256527,1958490807.9446115,4829968106.666666,2414984053.333333,1607525955.5000002,5366998246.233844,2683499123.116922,1785886104.1143932,628663323.0768061,3043647376.410139,-178794774.7565267,456493245.38872147,2871477298.7220545,-350964852.4446113,897178392.860395,3580677515.977317,-434626.14213371277,725008315.1723104,3408507438.2892323,-172604703.83021832
16,BIH,17898439622.13693,21895225001.52741,43254853130.66667,21627426565.333336,14391755292.777777,39448141034.2884,19724070517.1442,13123124958.341993,3728986943.1964073,25356413508.529743,-3506684329.359152,-267798436.19407272,21359628129.139263,-7503469708.749632,1825630895.0072708,21549701412.15147,-4775314663.794935,-2171154484.383209,17552916032.76099,-8772100043.185415
17,BLR,108483930657.36435,132986891099.64207,114123712690.0,57061856345.0,37974066617.388885,107327527346.12537,53663763673.06268,35708036976.73679,-51422074312.36435,5639782032.635651,-70509864039.97546,-75925034754.64207,-18863178409.642075,-95012824482.25319,-54820166984.30167,-1156403311.2389832,-72775893680.62756,-79323127426.57939,-25659363753.51671,-97278854122.90527
18,BLZ,2830375755.364159,3349430793.668791,4442225224.333334,2221112612.166667,1478845732.722222,5945982837.394236,2972991418.697118,1979193457.6364715,-609263143.1974921,1611849468.9691749,-1351530022.641937,-1128318181.5021238,1092794430.6645432,-1870585060.9465687,142615663.3329587,3115607082.0300765,-851182297.7276876,-376439374.971673,2596552043.725445,-1370237336.0323193
19,BOL,107249228570.9817,122996352658.64659,129592874512.33333,64796437256.166664,43139209418.22223,161393223162.13544,80696611581.06772,53719136922.60014,-42452791314.81504,22343645941.351624,-64110019152.759476,-58199915402.47993,6596521853.686737,-79857143240.42436,-26552616989.913986,54143994591.15373,-53530091648.38156,-42299741077.57887,38396870503.488846,-69277215736.04645
20,BRA,2418993867082.735,2835928113251.0566,2595146520722.6665,1297573260361.3333,863750771623.0,2771615696797.6357,1385807848398.8179,922281591355.9277,-1121420606721.4016,176152653639.93164,-1555243095459.7349,-1538354852889.7234,-240781592528.39014,-1972177341628.0566,-1033186018683.917,352621829714.9009,-1496712275726.8071,-1450120264852.2388,-64312416453.4209,-1913646521895.129
21,BRB,2334581182.124522,2530671274.471643,3431216542.3333335,1715608271.1666667,1141774137.6111112,3374865540.151634,1687432770.075817,1122844952.371751,-618972910.9578555,1096635360.2088113,-1192807044.513411,-815063003.3049762,900545267.8616905,-1388897136.8605318,-647148412.0487051,1040284358.027112,-1211736229.7527711,-843238504.3958259,844194265.6799912,-1407826322.099892
22,BRN,2122727679.31055,2249876372.233141,5314036873.666667,2657018436.8333335,1768808468.9999998,6045097606.491353,3022548803.2456765,2011557184.312181,534290757.5227835,3191309194.3561172,-353919210.3105502,407142064.60019255,3064160501.433526,-481067903.2331412,899821123.9351265,3922369927.1808033,-111170494.99836898,772672431.0125356,3795221234.258212,-238319187.92095995
23,BTN,4777871913.59736,5609505642.857634,9795082986.999998,4897541493.499999,3260398156.4444447,11502448999.226124,5751224499.613062,3828151115.1106887,119669579.90263939,5017211073.402638,-1517473757.152915,-711964149.3576345,4185577344.1423645,-2349107486.413189,973352586.0157022,6724577085.628764,-949720798.486671,141718856.7554283,5892943356.36849,-1781354527.746945
24,BWA,4128427476.6345334,5055836921.693191,27294400554.0,13647200277.0,9086540014.888887,35218035076.957695,17609017538.478848,11722424501.601395,9518772800.365467,23165973077.365467,4958112538.2543545,8591363355.306808,22238563632.30681,4030703093.195697,13480590061.844315,31089607600.323162,7593997024.966862,12553180616.785656,30162198155.264503,6666587579.908204
25,CAF,17209823753.910378,20495705680.0227,53527452940.0,26763726470.0,17821513051.777775,73784039487.42831,36892019743.71416,24565113453.7336,9553902716.089622,36317629186.08962,611689297.8673973,6268020789.977299,33031747259.9773,-2674192628.2449265,19682195989.80378,56574215733.51794,7355289699.823223,16396314063.691456,53288333807.40561,4069407773.7108994
26,CAN,363554217739.9837,561574308867.2432,425054587096.6666,212527293548.3333,141427759678.94443,470434804846.8788,235217402423.4394,156511087653.83124,-151026924191.6504,61500369356.68292,-222126458061.03928,-349047015318.90985,-136519721770.57654,-420146549188.2987,-128336815316.54431,106880587106.89508,-207043130086.15247,-326356906443.8038,-91139504020.36438,-405063221213.4119
27,CHE,55549936157.865295,64427953585.207405,98005181387.33333,49002590693.666664,32609078590.72222,105217586763.4052,52608793381.7026,35003742931.82172,-6547345464.198631,42455245229.46803,-22940857567.143074,-15425362891.540741,33577227802.125923,-31818874994.485184,-2941142776.162697,49667650605.5399,-20546193226.04358,-11819160203.504807,40789633178.19779,-29424210653.38569
28,CHL,126010089869.16098,151329656211.8575,218190029375.99997,109095014687.99998,72613100843.55556,235040873010.0059,117520436505.00294,78205933893.57797,-16915075181.160995,92179939506.83899,-53396989025.60542,-42234641523.85753,66860373164.142456,-78716555368.30196,-8489653364.158035,109030783140.84491,-47804155975.58301,-33809219706.85457,83711216798.14838,-73123722318.27954
29,CIV,162878007755.1284,212832413963.99194,267155563152.66666,133577781576.33333,88946727270.77777,399363632114.9006,199681816057.4503,132959882263.99002,-29300226178.79506,104277555397.53827,-73931280484.35062,-79254632387.65862,54323149188.67471,-123885686693.21417,36803808302.3219,236485624359.7722,-29918125491.138367,-13150597906.541656,186531218150.90863,-79872531700.00192
30,CMR,167178563590.5492,199920319968.71548,263423848363.99997,131711924181.99998,87706994108.72223,397945983996.02686,198972991998.01343,132484959680.6215,-35466639408.54921,96245284773.45078,-79471569481.82697,-68208395786.7155,63503528395.284485,-112213325859.99326,31794428407.464233,230767420405.47766,-34693603909.92769,-947327970.7020569,198025664027.31137,-67435360288.09398
31,COD,152742257061.5624,190286311994.73495,851346850746.6665,425673425373.33325,283467972304.2778,1414623607725.7642,707311803862.8821,470980112798.98004,272931168311.77084,698604593685.1041,130725715242.71536,235387113378.5983,661060538751.9315,93181660309.54282,554569546801.3197,1261881350664.2017,318237855737.4176,517025491868.1471,1224337295731.0293,280693800804.2451
32,COG,14778550483.161709,16832929293.61406,57578124949.66666,28789062474.83333,19170370336.833332,87557941739.55339,43778970869.776695,29149074163.568184,14010511991.67162,42799574466.504944,4391819853.671623,11956133181.219269,40745195656.0526,2337441043.2192726,29000420386.614986,72779391256.39168,14370523680.406475,26946041576.162636,70725012445.93933,12316144869.954124
33,COL,235176070470.83307,269392683142.0917,605815290605.3334,302907645302.6667,201641335799.44443,655184515044.2563,327592257522.1282,218026026131.0221,67731574831.83362,370639220134.5003,-33534734671.38864,33514962160.57498,336422607463.2417,-67751347342.64728,92416187051.2951,420008444573.4233,-17150044339.810974,58199574380.03647,385791831902.1647,-51366657011.06961
34,COM,2606249464.1329994,3088072829.5066905,9129456260.666666,4564728130.333333,3039504950.1111116,12928374673.2426,6464187336.6213,4303838863.767589,1958478666.2003336,6523206796.533667,433255485.9781122,1476655300.8266425,6041383431.159975,-48567879.39557886,3857937872.4883003,10322125209.1096,1697589399.6345892,3376114507.1146092,9840301843.735909,1215766034.260898
35,CPR,12934181003382.07,15340624718698.764,17450924874784.0,8725462437392.0,5807322772644.557,17138348830821.193,8569174415410.597,5701463894648.21,-4208718565990.0703,4516743871401.93,-7126858230737.514,-6615162281306.764,2110300156085.2363,-9533301946054.207,-4365006587971.4736,4204167827439.123,-7232717108733.86,-6771450303288.167,1797724112122.4297,-9639160824050.555
36,CPV,3251990290.6098065,3535830318.9171715,6576122680.333334,3288061340.166667,2189117908.555556,7952881083.727249,3976440541.8636246,2647116039.053753,36071049.55686045,3324132389.7235274,-1062872382.0542507,-247768978.7505045,3040292361.4161625,-1346712410.3616157,724450251.253818,4700890793.117443,-604874251.5560536,440610222.9464531,4417050764.810078,-888714279.8634186
37,CRI,29001727540.429417,33716827819.06814,59676344531.66667,29838172265.833336,19861568285.888893,65881861414.952896,32940930707.476448,21922278775.411263,836444725.4039192,30674616991.237255,-9140159254.540524,-3878655553.2348022,25959516712.598534,-13855259533.179245,3939203167.0470314,36880133874.52348,-7079448765.018154,-775897111.5916901,32165033595.884758,-11794549043.656876
38,CUB,40986681867.64772,48361741535.120735,140164922292.6667,70082461146.33334,46640893424.27779,130797057334.7244,65398528667.3622,43510008551.11866,29095779278.685623,99178240425.01897,5654211556.630066,21720719611.21261,91803180757.54596,-1720848110.842949,24411846799.714478,89810375467.07668,2523326683.4709396,17036787132.241463,82435315799.60367,-4851732984.002075
39,CYP,9172708612.910912,10437149765.186579,14362896072.999998,7181448036.499999,4779672530.166667,15366307993.464529,7683153996.7322645,5112518670.724852,-1991260576.4109125,5190187460.089087,-4393036082.744245,-3255701728.6865797,3925746307.8134193,-5657477235.019912,-1489554616.178647,6193599380.5536175,-4060189942.18606,-2753995768.454314,4929158228.27795,-5324631094.461727
40,CZE,103904758319.07057,134018562946.85567,126101853255.33334,63050926627.66667,41955758295.0,120911802970.57336,60455901485.28668,40221106010.268585,-40853831691.4039,22197094936.26277,-61949000024.07057,-70967636319.189,-7916709691.522324,-92062804651.85567,-43448856833.78389,17007044651.502792,-63683652308.80199,-73562661461.56898,-13106759976.282303,-93797456936.58708
41,DEU,765900749674.3568,951871394806.3157,950096474381.0,475048237190.5,316082108622.9444,921708824012.5198,460854412006.2599,306604200323.98083,-290852512483.8568,184195724706.6432,-449818641051.4124,-476823157615.8157,-1774920425.3156738,-635789286183.3713,-305046337668.0969,155808074338.16296,-459296549350.376,-491016982800.0558,-30162570793.7959,-645267194482.3348
42,DJI,470695491.5711902,575516300.9835461,11494663998.666666,5747331999.333333,3826555857.388889,14258607280.353985,7129303640.176992,4746034429.343793,5276636507.762143,11023968507.095476,3355860365.8176985,5171815698.349787,10919147697.68312,3251039556.4053426,6658608148.605803,13787911788.782795,4275338937.7726026,6553787339.193446,13683090979.37044,4170518128.3602467
43,DNK,78755250868.78006,101590479936.92769,67084488240.33333,33542244120.166664,22319931737.555557,69567459671.0272,34783729835.5136,23144257258.614407,-45213006748.613396,-11670762628.446732,-56435319131.2245,-68048235816.761024,-34505991696.59436,-79270548199.37213,-43971521033.26646,-9187791197.752853,-55610993610.16565,-66806750101.414085,-32023020265.900482,-78446222678.31328
44,DZA,401446693758.0001,456358934287.2316,483857745510.6667,241928872755.33334,161070908452.72223,599843693855.6984,299921846927.8492,199630536159.7318,-159517821002.66678,82411051752.66656,-240375785305.2779,-214430061531.8983,27498811223.43506,-295288025834.5094,-101524846830.15094,198397000097.69824,-201816157598.2683,-156437087359.38245,143484759568.46674,-256728398127.49982
45,ECU,65003829582.52201,79314522588.88394,197024159472.66666,98512079736.33333,65582655736.333336,239126937726.26407,119563468863.13203,79584082060.35217,33508250153.811317,132020329890.14465,578826153.8113251,19197557147.449387,117709636883.78271,-13731866852.550606,54559639280.61002,174123108143.74207,14580252477.830162,40248946274.24809,159812415137.38013,269559471.4682312
46,EGY,785588332207.5405,904430243666.6921,1121578445559.3335,560789222779.6667,373367118854.5,1469277369208.307,734638684604.1534,489037452230.74335,-224799109427.87378,335990113351.79297,-412221213353.0405,-343641020887.0254,217148201892.64136,-531063124812.19214,-50949647603.387085,683689037000.7664,-296550879976.7972,-169791559062.5387,564847125541.6147,-415392791435.9488
47,ESP,575992646728.0795,682759942622.5166,546874149319.0,273437074659.5,181957153518.8333,509103249568.271,254551624784.1355,169341734760.50455,-302555572068.57947,-29118497409.079468,-394035493209.24615,-409322867963.0166,-135885793303.5166,-500802789103.6833,-321441021943.944,-66889397159.80847,-406650911967.57495,-428208317838.3811,-173656693054.2456,-513418207862.0121
48,EST,8074368321.572649,12498714717.860098,15362997971.0,7681498985.5,5111445290.5,14282679061.12633,7141339530.563165,4751407371.5210705,-392869336.072649,7288629649.427351,-2962923031.072649,-4817215732.360098,2864283253.139902,-7387269427.360098,-933028791.0094843,6208310739.55368,-3322960950.0515785,-5357375187.296933,1783964343.2662315,-7747307346.339027
49,ETH,901180843457.5074,1033537725334.9989,1169649677700.6667,584824838850.3334,389417304933.2222,1711433706711.463,855716853355.7314,569739775029.5171,-316356004607.1741,268468834243.1593,-511763538524.2852,-448712886484.6655,136111952365.66785,-644120420401.7766,-45463990101.776,810252863253.9554,-331441068427.99036,-177820871979.26746,677895981376.464,-463797950305.4818
50,FIN,40747766585.97313,51650805498.72878,63263353756.33333,31631676878.166664,21047342569.22222,65352984320.32673,32676492160.163364,21741457729.52168,-9116089707.806465,22515587170.3602,-19700424016.750908,-20019128620.56212,11612548257.604546,-30603462929.50656,-8071274425.809765,24605217734.3536,-19006308856.45145,-18974313338.56542,13702178821.597946,-29909347769.207104
51,FJI,4663787224.190935,5368220652.399977,10936409882.0,5468204941.0,3640122674.166667,11953813057.10429,5976906528.552145,3978207943.0977254,804417716.8090649,6272622657.809065,-1023664550.0242682,99984288.60002327,5568189229.600023,-1728097978.2333097,1313119304.3612099,7290025832.913355,-685579281.0932097,608685876.1521683,6585592404.704313,-1390012709.3022513
52,FRA,622476861858.69,842984812250.7902,742008467880.0001,371004233940.00006,246884261403.61108,763265299046.3488,381632649523.1744,253932905366.8349,-251472627918.68988,119531606021.31018,-375592600455.07886,-471980578310.7901,-100976344370.79004,-596100550847.1791,-240844212335.51556,140788437187.6588,-368543956491.85504,-461352162727.6158,-79719513204.4414,-589051906883.9553
53,GAB,4132659257.585829,5194976011.632992,22582430839.666664,11291215419.833332,7517870304.722222,31639478328.1687,15819739164.08435,10531814438.774754,7158556162.247503,18449771582.080833,3385211047.1363935,6096239408.20034,17387454828.033672,2322894293.0892305,11687079906.498522,27506819070.58287,6399155181.188925,10624763152.451359,26444502316.53571,5336838427.141762
54,GBR,487681929332.3859,591258886147.2251,766427178630.9999,383213589315.49994,255021789657.38892,811467677364.6947,405733838682.34735,269976595763.27072,-104468340016.88599,278745249298.61395,-232660139674.997,-208045296831.72516,175168292483.77478,-336237096489.8362,-81948090650.03857,323785748032.3088,-217705333569.1152,-185525047464.87775,220208791217.4696,-321282290383.95435
55,GEO,31822297807.515343,36116771699.52124,47856522716.33333,23928261358.166664,15924655550.444447,43977583770.17163,21988791885.085815,14631666298.734869,-7894036449.348679,16034224908.817986,-15897642257.070896,-12188510341.354576,11739751016.812088,-20192116149.076794,-9833505922.429527,12155285962.656288,-17190631508.78047,-14127979814.435425,7860812070.650391,-21485105400.78637
56,GHA,146157215653.63898,191980624747.05267,327569291537.0,163784645768.5,109059667633.77779,456260480620.9092,228130240310.4546,151885123944.47797,17627430114.861023,181412075883.36102,-37097548019.86119,-28195978978.552673,135588666789.94733,-82920957113.27489,81973024656.81561,310103264967.2702,5727908290.838989,36149615563.40192,264279855873.8565,-40095500802.57471
57,GIN,50018582558.79037,57548033766.25886,139565136529.3333,69782568264.66666,46466379604.0,211471157128.41498,105735578564.20749,70401815207.59732,19763985705.87629,89546553970.54294,-3552202954.790367,12234534498.407799,82017102763.07446,-11081654162.258858,55716996005.41712,161452574569.6246,20383232648.806953,48187544797.94863,153923123362.15613,12853781441.338463
58,GMB,10333400713.50637,11343810877.589417,22635677623.666664,11317838811.833332,7537164484.555556,35959086609.68784,17979543304.84392,11972204264.254786,984438098.3269615,12302276910.160294,-2796236228.9508142,-25972065.756084442,11291866746.077248,-3806646393.03386,7646142591.337551,25625685896.181473,1638803550.748415,6635732427.254505,24615275732.098427,628393386.665369
59,GRC,140154294305.38562,165504180012.49182,132043829072.33334,66021914536.16667,43932633452.611115,120289178651.44861,60144589325.724304,40012101329.46419,-74132379769.21895,-8110465233.052277,-96221660852.7745,-99482265476.32515,-33460350940.158478,-121571546559.8807,-80009704979.66132,-19865115653.93701,-100142192975.92143,-105359590686.76752,-45215001361.04321,-125492078683.02763
60,GRD,736097347.4411191,823211677.7179686,1319560458.6666667,659780229.3333334,439221768.5555555,1386447911.7987318,693223955.8993659,461417787.0620748,-76317118.1077857,583463111.2255477,-296875578.88556355,-163431448.3846352,496348780.94869816,-383989909.16241306,-42873391.54175317,650350564.3576127,-274679560.3790443,-129987721.81860268,563236234.0807632,-361793890.6558938
61,GTM,99801474580.35341,115436741221.5017,196970810975.33334,98485405487.66667,65575231697.16666,263335091641.208,131667545820.604,87657490334.39243,-1316069092.686737,97169336394.97993,-34226242883.186752,-16951335733.835022,81534069753.83165,-49861509524.33504,31866071240.250595,163533617060.8546,-12143984245.960983,16230804599.10231,147898350419.7063,-27779250887.10927
62,GUY,6335448289.861109,7451232573.032817,9581115753.0,4790557876.5,3189200676.5,10150281987.74121,5075140993.870605,3378067333.643716,-1544890413.3611088,3245667463.138891,-3146247613.361109,-2660674696.532817,2129883179.967183,-4262031896.532817,-1260307295.9905033,3814833697.880102,-2957380956.217393,-2376091579.1622114,2699049414.708394,-4073165239.389101
63,HND,32820069073.91412,37460610807.41181,110402136019.66666,55201068009.83333,36753003886.666664,139392926292.7044,69696463146.3522,46396854752.984985,22380998935.91921,77582066945.75253,3932934812.7525444,17740457202.421516,72941525212.25485,-707606920.7451477,36876394072.43808,106572857218.79028,13576785679.070866,32235852338.94039,101932315485.2926,8936243945.573174
64,HRV,33027100998.151928,40773589267.23236,50032560955.33333,25016280477.666664,16645873987.055555,44436320781.60261,22218160390.801304,14781957043.571121,-8010820520.485264,17005459957.1814,-16381227011.096373,-15757308789.565697,9258971688.100967,-24127715280.176804,-10808940607.350624,11409219783.45068,-18245143954.580807,-18555428876.431057,3662731514.370247,-25991632223.66124
65,HUN,123102191239.20451,160170119791.32172,117444102944.0,58722051472.0,39074932852.77778,106678620023.88043,53339310011.940216,35487610428.843735,-64380139767.20451,-5658088295.204514,-84027258386.42673,-101448068319.32172,-42726016847.32172,-121095186938.54395,-69762881227.2643,-16423571215.324081,-87614580810.36078,-106830809779.3815,-53491499767.441284,-124682509362.47798
66,IDN,1333687916090.2207,1515855545694.8381,3215165139669.6665,1607582569834.8333,1070210954331.9445,3669351813380.305,1834675906690.1526,1221166009772.4355,273894653744.61255,1881477223579.4458,-263476961758.27625,91727024139.99512,1699309593974.8284,-445644591362.8937,500987990599.9319,2335663897290.0845,-112521906317.78516,318820360995.31445,2153496267685.467,-294689535922.4026
67,IND,6596242626288.324,7654551210834.55,16082054293213.666,8041027146606.833,5352852117986.278,18724637064726.805,9362318532363.402,6231593633436.1045,1444784520318.5088,9485811666925.342,-1243390508302.046,386475935772.2832,8427503082379.116,-2301699092848.2715,2766075906075.078,12128394438438.48,-364648992852.2197,1707767321528.8525,11070085853892.254,-1422957577398.4453
68,IRL,46259240731.61903,57471592394.44985,56646618767.0,28323309383.5,18851085435.055557,61438282979.26579,30719141489.632896,20441035625.59703,-17935931348.119034,10387378035.380966,-27408155296.563477,-29148283010.949852,-824973627.449852,-38620506959.394295,-15540099241.986137,15179042247.646759,-25818205106.022003,-26752450904.816956,3966690584.815941,-37030556768.85282
69,IRN,739197729567.4778,828610852069.4669,1009804632823.6667,504902316411.8334,336140451044.94446,1127512067703.081,563756033851.5405,375220939268.5667,-234295413155.6444,270606903256.18896,-403057278522.5333,-323708535657.63354,181193780754.19983,-492470401024.52246,-175441695715.93726,388314338135.6033,-363976790298.9111,-264854818217.9264,298901215633.61414,-453389912800.9002
70,ISL,7301826072.676827,8946172819.645468,3931243206.6666665,1965621603.3333333,1308186965.3888888,4266110700.3714285,2133055350.1857142,1419426633.9535172,-5336204469.343494,-3370582866.010161,-5993639107.287939,-6980551216.312135,-5014929612.978802,-7637985854.256578,-5168770722.491114,-3035715372.305399,-5882399438.72331,-6813117469.459753,-4680062119.274039,-7526746185.691951
71,ISR,72205528047.70303,80884165435.18779,94077182130.33334,47038591065.16667,31311126886.388893,117743247464.3484,58871623732.1742,39183364193.38343,-25166936982.53636,21871654082.63031,-40894401161.31414,-33845574370.02112,13193016695.145554,-49573038548.7989,-13333904315.528831,45537719416.64537,-33022163854.319603,-22012541703.013588,36859082029.160614,-41700801241.80436
72,ITA,597153228352.1981,714287307712.7035,687135545905.3334,343567772952.6667,228601534043.61115,633676996933.8037,316838498466.90186,210769887070.8338,-253585455399.53143,89982317553.13525,-368551694308.587,-370719534760.0368,-27151761807.370117,-485685773669.09235,-280314729885.29626,36523768581.60559,-386383341281.3643,-397448809245.80164,-80610310778.89978,-503517420641.8697
73,JAM,17910290682.05636,20087244977.908333,35883478889.33333,17941739444.666664,11943178894.333332,35397981735.739395,17698990867.869698,11779439434.640526,31448762.610305786,17973188207.27697,-5967111787.723026,-2145505533.2416687,15796233911.424995,-8144066083.575001,-211299814.18666077,17487691053.683037,-6130851247.4158325,-2388254110.0386353,15310736757.831062,-8307805543.267807
74,JOR,47643694773.50943,53395542399.72819,107793166900.66667,53896583450.333336,35886058932.38889,137219995043.22043,68609997521.610214,45674135154.7168,6252888676.823906,60149472127.15724,-11757635841.120537,501041050.6051483,54397624500.938484,-17509483467.339294,20966302748.100784,89576300269.711,-1969559618.792633,15214455121.882027,83824452643.49225,-7721407245.011391
75,JPN,605280694803.9293,690491934103.272,1456230103510.3333,728115051755.1666,484440770648.3889,1316407217427.8022,658203608713.9011,437844175261.0779,122834356951.2373,850949408706.4039,-120839924155.5404,37623117651.89465,765738169407.0613,-206051163454.88306,52922913909.9718,711126522623.8729,-167436519542.85144,-32288325389.37085,625915283324.5303,-252647758842.1941
76,KAZ,297193628890.83136,369182899128.04517,213759585962.3333,106879792981.16666,71151899750.22221,249307582145.4611,124653791072.73055,82969540226.16037,-190313835909.6647,-83434042928.49805,-226041729140.60913,-262303106146.8785,-155423313165.71185,-298030999377.82294,-172539837818.10083,-47886046745.37027,-214224088664.671,-244529108055.31464,-119875316982.58408,-286213358901.88477
77,KEN,237881210823.23032,268226225658.19424,556686610637.3334,278343305318.6667,185347778232.7222,822510583640.095,411255291820.0475,273820865613.042,40462094495.43637,318805399814.103,-52533432590.50812,10117079660.472443,288460384979.13916,-82878447425.47205,173374080996.81717,584629372816.8646,35939654789.811676,143029066161.85324,554284357981.9008,5594639954.847748
78,KGZ,43307010627.6975,50734945488.052925,70930853665.66667,35465426832.833336,23612882495.777782,85935092137.87416,42967546068.93708,28602277985.51891,-7841583794.864166,27623843037.96917,-19694128131.91972,-15269518655.21959,20195908177.613747,-27122062992.275143,-339464558.76042175,42628081510.17666,-14704732642.178593,-7767399419.115845,35200146649.821236,-22132667502.534016
79,KHM,86045558253.55278,100030070243.13318,191538214801.66666,95769107400.83333,63763887689.55556,237830587407.5492,118915293703.7746,79164652252.7231,9723549147.280548,105492656548.11388,-22281670563.997223,-4260962842.2998505,91508144558.53348,-36266182553.57762,32869735450.221817,151785029153.9964,-6880906000.829681,18885223460.64142,137800517164.41602,-20865417990.41008
80,KIR,1609154174.5934782,1909323616.2641344,1353144011.3333333,676572005.6666666,450487262.3888889,1738922011.6459565,869461005.8229783,578833929.9275153,-932582168.9268116,-256010163.26014495,-1158666912.2045894,-1232751610.597468,-556179604.9308012,-1458836353.8752456,-739693168.7705,129767837.05247831,-1030320244.6659629,-1039862610.4411561,-170401604.6181779,-1330489686.3366191
81,KOR,312868828840.3867,360744084721.3502,625960777750.6667,312980388875.3334,208280698274.33334,603367406755.856,301683703377.928,200698539120.8758,111560034.94665527,313091948910.28,-104588130566.05338,-47763695846.016846,265216693029.31653,-152463386447.01688,-11185125462.45874,290498577915.46924,-112170289719.51093,-59060381343.42224,242623322034.50574,-160045545600.47443
82,KWT,28895271119.052097,31768605455.865814,48098335897.666664,24049167948.833332,16008493308.888887,60064763951.21035,30032381975.605175,19985310657.407673,-4846103170.218765,19203064778.614567,-12886777810.16321,-7719437507.032482,16329730441.80085,-15760112146.976927,1137110856.5530777,31169492832.158253,-8909960461.644424,-1736223480.2606392,28296158495.344536,-11783294798.458141
83,LBN,35079380597.0207,40062537519.95935,71100462084.66667,35550231042.333336,23665293109.38889,66560724183.91472,33280362091.95736,22150412480.348354,470850445.3126373,36021081487.64597,-11414087487.63181,-4512306477.626015,31037924564.70732,-16397244410.570461,-1799018505.0633392,31481343586.89402,-12928968116.672344,-6782175428.001991,26498186663.955368,-17912125039.610996
84,LBY,19654314966.82084,23807518218.806263,79275528536.33333,39637764268.166664,26390527819.722225,91932830885.17558,45966415442.58779,30595825130.23813,19983449301.345825,59621213569.51249,6736212852.901386,15830246049.360401,55468010317.52707,2583009600.915962,26312100475.766953,72278515918.35474,10941510163.41729,22158897223.78153,68125312666.36932,6788306911.431866
85,LCA,1044198101.1384732,1145902531.1839535,2257730641.0,1128865320.5,751436222.8888888,2274173643.4658985,1137086821.7329493,756729887.9712902,84667219.36152685,1213532539.861527,-292761878.2495843,-17037210.683953524,1111828109.8160465,-394466308.2950647,92888720.5944761,1229975542.3274255,-287468213.1671829,-8815709.451004267,1128271112.281945,-389172643.2126633
86,LKA,119892168462.98642,133025065737.14053,255954232985.66666,127977116492.83333,85186778304.55556,261143451811.49103,130571725905.74551,86896549386.92487,8084948029.846909,136062064522.68024,-34705390158.43086,-5047949244.307205,122929167248.52612,-47838287432.58498,10679557442.759094,141251283348.5046,-32995619076.061554,-2453339831.3950195,128118386074.3505,-46128516350.21567
87,LTU,23463438972.31095,43679383972.47007,35066328034.0,17533164017.0,11667304760.61111,30839392966.923653,15419696483.461826,10259610407.89455,-5930274955.310951,11602889061.689049,-11796134211.69984,-26146219955.47007,-8613055938.47007,-32012079211.85896,-8043742488.849125,7375953994.612701,-13203828564.4164,-28259687489.008244,-12839991005.546417,-33419773564.57552
88,LVA,15328254175.282228,27260139581.797264,23641566888.666664,11820783444.333332,7865749537.666667,19904780659.816757,9952390329.908379,6621533840.039732,-3507470730.9488964,8313312713.384436,-7462504637.6155615,-15439356137.463932,-3618572693.1306,-19394390044.130596,-5375863845.37385,4576526484.534529,-8706720335.242496,-17307749251.888885,-7355358921.980507,-20638605741.75753
89,MAR,410176993642.7315,478790970255.13776,429393220138.0,214696610069.0,142930474915.1667,501893095942.1548,250946547971.0774,167026889423.63052,-195480383573.7315,19216226495.268494,-267246518727.56482,-264094360186.13776,-49397750117.13776,-335860495339.97107,-159230445671.6541,91716102299.42328,-243150104219.10098,-227844422284.06036,23102125687.01703,-311764080831.5072
90,MDA,23660935810.318302,31660513278.768753,50874125711.666664,25437062855.833332,16929586333.555553,46897376966.63061,23448688483.315304,15603786663.05796,1776127045.51503,27213189901.348362,-6731349476.762749,-6223450422.935421,19213612432.89791,-14730926945.2132,-212247327.00299835,23236441156.312305,-8057149147.260342,-8211824795.453449,15236863687.861855,-16056726615.710793
91,MDG,59228224134.64529,69273553206.23877,282949249760.0,141474624880.0,94205342974.33333,429929083586.4848,214964541793.2424,143129308622.6223,82246400745.3547,223721025625.3547,34977118839.68804,72201071673.76123,213675696553.76123,24931789768.09456,155736317658.5971,370700859451.83954,83901084487.97702,145690988587.00363,360655530380.24603,73855755416.38354
92,MDV,2101234512.4782805,2387476488.0325403,5083165273.0,2541582636.5,1691818994.6666667,6298559864.875279,3149279932.4376397,2095794114.2051156,440348124.02171946,2981930760.5217195,-409415517.8116138,154106148.46745968,2695688784.9674597,-695657493.3658736,1048045419.9593592,4197325352.396999,-5440398.273164988,761803444.4050994,3911083376.842739,-291682373.82742476
93,MEX,905992658134.2003,1032858432533.0623,1562221010373.3333,781110505186.6666,520013843917.94446,1814248584959.3687,907124292479.6843,603774031423.2731,-124882152947.53369,656228352239.1329,-385978814216.25586,-251747927346.39563,529362577840.271,-512844588615.1178,1131634345.4840088,908255926825.1683,-302218626710.92725,-125734140053.37793,781390152426.3064,-429084401109.7892
94,MKD,13862400558.414223,16939776561.245634,25717628148.0,12858814074.0,8557629760.944445,24792581597.31587,12396290798.657934,8248410292.52099,-1003586484.4142227,11855227589.585777,-5304770797.469778,-4080962487.245634,8777851586.754366,-8382146800.301189,-1466109759.7562885,10930181038.901646,-5613990265.893232,-4543485762.5877,7852805036.070234,-8691366268.724644
95,MLI,166152255951.0804,189037280868.3749,195290171273.66666,97645085636.83333,65026097640.83334,317354480902.7723,158677240451.38614,105661030862.09583,-68507170314.247086,29137915322.586243,-101126158310.24707,-91392195231.54158,6252890405.291748,-124011183227.54156,-7475015499.694275,151202224951.69186,-60491225088.98459,-30360040416.98877,128317200034.39737,-83376250006.27908
96,MLT,3860204578.503515,4544328461.962059,5085715017.0,2542857508.5,1692008932.5555556,5114581464.176991,2557290732.0884957,1701423128.444551,-1317347070.0035148,1225510438.4964852,-2168195645.947959,-2001470953.462059,541386555.037941,-2852319529.4065037,-1302913846.415019,1254376885.6734767,-2158781450.058964,-1987037729.8735633,570253002.2149324,-2842905333.517508
97,MNG,18575808831.782772,21850684256.278004,36769387276.666664,18384693638.333332,12240799261.666668,44188527119.368004,22094263559.684002,14706883621.812351,-191115193.44944,18193578444.883892,-6335009570.116104,-3465990617.9446716,14918703020.38866,-9609884994.611336,3518454727.90123,25612718287.58523,-3868925209.970421,243579303.40599823,22337842863.09,-7143800634.465652
98,MRT,11059116547.987545,12880863320.690563,48690429261.66668,24345214630.83334,16210641283.222223,73353902883.70294,36676951441.85147,24419391849.471413,13286098082.845795,37631312713.67914,5151524735.234678,11464351310.142776,35809565940.97612,3329777962.53166,25617834893.863926,62294786335.71539,13360275301.483868,23796088121.160908,60473039563.012375,11538528528.78085
99,MUS,10945045388.321865,11805517620.113445,15770614762.666666,7885307381.333333,5248066278.888889,15564236274.151001,7782118137.0755005,5178466864.627518,-3059738006.988532,4825569374.344801,-5696979109.432976,-3920210238.7801123,3965097142.5532207,-6557451341.224556,-3162927251.2463646,4619190885.829136,-5766578523.694347,-4023399483.037945,3758718654.0375557,-6627050755.485928
100,MWI,110007095463.38881,130157399252.27966,201916757029.0,100958378514.5,67230011185.33333,321046449626.72363,160523224813.36182,106887063516.27258,-9048716948.88881,91909661565.61119,-42777084278.05548,-29199020737.779663,71759357776.72034,-62927388066.946335,50516129349.97301,211039354163.33484,-3120031947.116226,30365825561.082153,190889050374.44397,-23270335736.00708
101,MYS,165267191220.741,179886511884.3871,383380641603.0,191690320801.5,127605365477.16667,458874914310.9294,229437457155.4647,152712486090.84613,26423129580.759003,218113450382.259,-37661825743.574326,11803808917.112915,203494129718.6129,-52281146407.22041,64170265934.723694,293607723090.18835,-12554705129.894867,49550945271.07761,278988402426.5423,-27174025793.540955
102,NAM,14396534909.262426,17203926762.762672,29313554079.333336,14656777039.666668,9759598141.222221,40243837305.961464,20121918652.980732,13397004532.872086,260242130.40424156,14917019170.07091,-4636936768.040205,-2547149723.0960045,12109627316.570663,-7444328621.540451,5725383743.718306,25847302396.699036,-999530376.3903408,2917991890.2180595,23039910543.19879,-3806922229.890587
103,NER,263153324822.9278,302676427426.1816,216679261866.6667,108339630933.33334,72150622272.66667,399140995031.4848,199570497515.7424,132901539019.83148,-154813693889.59445,-46474062956.26111,-191002702550.2611,-194336796492.84824,-85997165559.5149,-230525805153.5149,-63582827307.185394,135987670208.557,-130251785803.09631,-103105929910.43918,96464567605.30322,-169774888406.3501
104,NGA,1087756391974.6846,1279135892685.0508,2069060871335.3335,1034530435667.6667,688888148114.7778,3133520314564.721,1566760157282.3606,1043218760497.1746,-53225956307.01782,981304479360.6489,-398868243859.90674,-244605457017.38403,789924978650.2827,-590247744570.273,479003765307.676,2045763922590.0366,-44537631477.51001,287624264597.3098,1854384421879.6704,-235917132187.87622
105,NIC,31820849256.36434,36547773737.01738,75743431980.0,37871715990.0,25214347703.333332,87658144165.67702,43829072082.83851,29174540728.507877,6050866733.635658,43922582723.63566,-6606501553.03101,1323942252.9826202,39195658242.98262,-11333426033.684048,12008222826.474167,55837294909.312675,-2646308527.8564644,7281298345.821129,51110370428.65964,-7373233008.509502
106,NLD,188495910247.22128,236143386632.58813,200322831521.0,100161415760.5,66650312503.50001,200585592393.28064,100292796196.64032,66728813998.30012,-88334494486.72128,11826921273.778717,-121845597743.72128,-135981970872.08813,-35820555111.588135,-169493074129.08813,-88203114050.58096,12089682146.059357,-121767096248.92117,-135850590435.94781,-35557794239.307495,-169414572634.28802
107,NOR,27022664691.830906,32706155713.62921,61160361118.0,30580180559.0,20350530636.27778,69224397391.35178,34612198695.67589,23031473867.554535,3557515867.169094,34137696426.169094,-6672134055.553127,-2125975154.6292114,28454205404.37079,-12355625077.351433,7589534003.844982,42201732699.520874,-3991190824.276371,1906042982.0466766,36518241677.722565,-9674681846.074677
108,NPL,172210911732.75647,200204645573.65396,358468489030.99994,179234244515.49997,119331935970.38889,421984065005.7224,210992032502.8612,140455507977.5592,7023332782.7435,186257577298.24347,-52878975762.367584,-20970401058.15399,158263843457.34598,-80872709603.26508,38781120770.10474,249773153272.96594,-31755403755.197266,10787386929.207245,221779419432.06845,-59749137596.09476
109,NZL,41859917246.20517,53765118408.461716,54866795936.33333,27433397968.166664,18257847532.444447,60873989016.131165,30436994508.065582,20254039003.756374,-14426519278.038506,13006878690.128159,-23602069713.760723,-26331720440.29505,1101677527.8716125,-35507270876.01727,-11422922738.139587,19014071769.925995,-21605878242.448795,-23328123900.396133,7108870607.669449,-33511079404.70534
110,OMN,28880123713.065247,32529682120.81701,47112220507.66667,23556110253.833336,15676392961.055555,70019263615.20383,35009631807.60191,23293475259.110645,-5324013459.231911,18232096794.601425,-13203730752.009691,-8973571866.983673,14582538386.849663,-16853289159.761454,6129508094.536667,41139139902.13858,-5586648453.954601,2479949686.7849045,37489581494.38682,-9236206861.706364
111,PAK,1088102477560.6207,1230547000335.671,2261636221786.667,1130818110893.3335,752904367012.2223,3004412634054.432,1502206317027.216,1000040004610.7823,42715633332.71277,1173533744226.0464,-335198110548.39844,-99728889442.3374,1031089221450.9961,-477642633323.4486,414103839466.59534,1916310156493.8115,-88062472949.83838,271659316691.54517,1773865633718.7612,-230506995724.88855
112,PAN,16706926283.411907,18775736665.8126,48139347857.333336,24069673928.666668,16023397775.666668,59102823805.50682,29551411902.75341,19669238101.468792,7362747645.254761,31432421573.92143,-683528507.7452393,5293937262.854069,29363611191.520737,-2752338890.1459312,12844485619.341503,42395897522.09491,2962311818.056885,10775675236.940811,40327087139.69422,893501435.6561928
113,PER,242394297673.8049,283329504525.2077,385741240656.3334,192870620328.1667,128398550537.94444,451275299553.41565,225637649776.70782,150184808349.8832,-49523677345.638214,143346942982.52847,-113995747135.86046,-90458884197.04102,102411736131.12567,-154930953987.26324,-16756647897.097076,208881001879.61075,-92209489323.92169,-57691854748.49988,167945795028.20795,-133144696175.3245
114,PHL,526271537213.1596,604881674647.7876,1239403881328.6667,619701940664.3334,412574591281.8889,1548833579744.9438,774416789872.4719,515520827818.7916,93430403451.17377,713132344115.5071,-113696945931.27069,14820266016.545776,634522206680.8792,-192307083365.89868,248145252659.31232,1022562042531.7842,-10750709394.367981,169535115224.68433,943951905097.1562,-89360846828.99597
115,PNG,49103297364.64155,58768145791.74955,94382385591.66666,47191192795.83333,31420158068.222225,128297126209.71077,64148563104.855385,42706257749.680786,-1912104568.80822,45279088227.02511,-17683139296.419323,-11576952995.916222,35614239799.91711,-27347987723.527325,15045265740.213837,79193828845.06921,-6397039614.960762,5380417313.105835,69528980417.96121,-16061888042.068764
116,POL,334547156377.2713,430443722139.15656,460429752361.6667,230214876180.83334,153197321152.44446,425756093628.7068,212878046814.3534,141635953321.36304,-104332280196.43796,125882595984.39539,-181349835224.82684,-200228845958.3232,29986030222.51013,-277246400986.7121,-121669109562.91791,91208937251.43549,-192911203055.90826,-217565675324.80316,-4687628510.449768,-288807768817.7935
117,PRT,103641736777.32129,120028463230.22565,123823774716.0,61911887358.0,41197833933.5,110199385267.97644,55099692633.98822,36655467303.55392,-41729849419.32129,20182037938.67871,-62443902843.82129,-58116575872.22565,3795311485.774353,-78830629296.72565,-48542044143.33307,6557648490.655151,-66986269473.76737,-64928770596.23743,-9829077962.249207,-83372995926.67172
118,PRY,117664945600.7362,149070221261.61804,81338514400.66667,40669257200.333336,27075113732.944447,97365228964.45702,48682614482.22851,32406542333.02272,-76995688400.40286,-36326431200.069534,-90589831867.79176,-108400964061.2847,-67731706860.95137,-121995107528.6736,-68982331118.50769,-20299716636.27919,-85258403267.71349,-100387606779.38953,-51704992297.161026,-116663678928.59532
119,QAT,796041702.772954,971504988.0222365,27422634836.0,13711317418.0,9120156141.777779,37893748821.78241,18946874410.891205,12602779481.713795,12915275715.227047,26626593133.227047,8324114439.004825,12739812429.977764,26451129847.977764,8148651153.755542,18150832708.11825,37097707119.00945,11806737778.940842,17975369422.86897,36922243833.76017,11631274493.691559
120,ROU,158583245794.84885,231925189618.0372,239365649475.6667,119682824737.83334,79642330723.83334,212778833816.62482,106389416908.31241,70783380043.91115,-38900421057.0155,80782403680.81784,-78940915071.0155,-112242364880.20386,7440459857.629486,-152282858894.20386,-52193828886.53644,54195588021.77597,-87799865750.9377,-125535772709.7248,-19146355801.412384,-161141809574.12604
121,RUS,1679697757539.1584,2105945667925.396,1732254435446.3333,866127217723.1666,576405164481.2778,1660197429220.8076,830098714610.4038,552369406140.8334,-813570539815.9918,52556677907.174805,-1103292593057.8806,-1239818450202.2295,-373691232479.06274,-1529540503444.1182,-849599042928.7546,-19500328318.35083,-1127328351398.3252,-1275846953314.9922,-445748238704.5884,-1553576261784.5625
122,RWA,54549473231.293655,64647127636.532814,136944092650.66669,68472046325.33334,45595134349.5,198123131597.37097,99061565798.68549,65956411111.729904,13922573094.039688,82394619419.37303,-8954338881.793655,3824918688.8005295,72296965014.13388,-19051993287.032814,44512092567.39183,143573658366.07733,11406937880.436249,34414438162.15267,133476003960.83817,1309283475.1970901
123,SAU,218921873414.59482,241586621948.82407,382249621334.66675,191124810667.33337,127226147356.38889,481570367180.0753,240785183590.03766,160242464868.86215,-27797062747.261444,163327747920.07193,-91695726058.20593,-50461811281.49069,140662999385.84268,-114360474592.43518,21863310175.44284,262648493765.4805,-58679408545.732666,-801438358.7864075,239983745231.25125,-81344157079.96191
124,SEN,88582061849.70555,97991771815.62848,173298343405.6667,86649171702.83334,57701673945.66667,267251819776.1951,133625909888.09755,88973630900.73141,-1932890146.8722076,84716281555.96114,-30880387904.03888,-11342600112.795135,75306571590.03821,-40290097869.96181,45043848038.392,178669757926.48956,391569051.02586365,35634138072.46907,169260047960.56662,-9018140914.897064
125,SGP,32448239692.00531,34172355404.004055,68249277165.00001,34124638582.500004,22710402220.277775,74090852907.21503,37045426453.60751,24646180514.465233,1676398890.4946938,35801037472.9947,-9737837471.727535,-47716821.50405121,34076921760.995953,-11461953183.72628,4597186761.602203,41642613215.20972,-7802059177.540077,2873071049.6034584,39918497503.21097,-9526174889.538822
126,SLB,6567952828.751178,7551936026.735782,6959665824.0,3479832912.0,2317047735.9444447,9396367297.688084,4698183648.844042,3127807498.2656875,-3088119916.751178,391712995.2488222,-4250905092.806733,-4072103114.7357817,-592270202.7357817,-5234888290.791337,-1869769179.907136,2828414468.936906,-3440145330.4854903,-2853752377.89174,1844431270.952302,-4424128528.470095
127,SLE,24894348843.412914,29970975500.150276,84937079330.66666,42468539665.33333,28279962604.0,119151211985.02249,59575605992.511246,39667623204.50928,17574190821.920414,60042730487.25374,3385613760.5870857,12497564165.183052,54966103830.51638,-1691012896.1502762,34681257149.09833,94256863141.60957,14773274361.096363,29604630492.36097,89180236484.87222,9696647704.359001
128,SLV,33231450481.128784,37453530954.04897,79383053375.33333,39691526687.666664,26425249795.22222,84382891842.49503,42191445921.24751,28085179176.7442,6460076206.53788,46151602894.204544,-6806200685.906563,2237995733.617691,41929522421.284355,-11028281158.826752,8959995440.118729,51151441361.36624,-5146271304.3845825,4737914967.19854,46929360888.44605,-9368351777.304771
129,STP,1080746145.8897836,1288248262.9662676,2267655818.3333335,1133827909.1666667,755011458.7222222,3232320080.2017484,1616160040.1008742,1076086918.2064865,53081763.276883125,1186909672.4435499,-325734687.1675614,-154420353.79960084,979407555.3670659,-533236804.2440454,535413894.21109056,2151573934.311965,-4659227.683297157,327911777.1346066,1944071817.2354808,-212161344.75978112
130,SUR,1888770967.8098598,2269972260.600593,6821778752.0,3410889376.0,2270591497.1111116,7543073840.567596,3771536920.283798,2510255464.4442434,1522118408.1901402,4933007784.19014,381820529.3012519,1140917115.399407,4551806491.399406,619236.5105185509,1882765952.4739385,5654302872.757736,621484496.6343837,1501564659.6832051,5273101579.967003,240283203.84365034
131,SVK,56817668053.694855,73656020928.74403,66272811557.666664,33136405778.833332,22051579349.444447,63100207737.14854,31550103868.57427,20991916873.99077,-23681262274.861523,9455143503.97181,-34766088704.25041,-40519615149.910706,-7383209371.07737,-51604441579.29959,-25267564185.120586,6282539683.453682,-35825751179.70409,-42105917060.16977,-10555813191.595497,-52664104054.753265
132,SVN,13825575760.0911,17349523466.77543,24226900623.0,12113450311.5,8060341772.722222,23088869154.648808,11544434577.324404,7680242793.817831,-1712125448.5911007,10401324862.9089,-5765233987.368878,-5236073155.275429,6877377156.224571,-9289181694.053207,-2281141182.766697,9263293394.557707,-6145332966.27327,-5805088889.451025,5739345687.873379,-9669280672.957598
133,SWE,72699751680.13635,91202170218.78967,113050428389.33333,56525214194.666664,37614380417.16667,122950073531.3667,61475036765.68335,40905379487.279045,-16174537485.469688,40350676709.196976,-35085371262.96968,-34676956024.12301,21848258170.543655,-53587789801.623,-11224714914.453003,50250321851.23035,-31794372192.857307,-29727133453.106323,31747903312.577026,-50296790731.51063
134,SWZ,6142033294.064797,7313586562.20809,16082279819.0,8041139909.5,5354514590.944446,21080030310.85399,10540015155.426994,7017885370.402944,1899106615.4352026,9940246524.935204,-787518703.1203518,727553347.2919102,8768693256.79191,-1959071971.2636442,4397981861.362197,14937997016.789192,875852076.3381462,3226428593.2189045,13766443748.645899,-295701191.8051462
135,SYC,712479818.1584079,859696124.2013322,1154744465.3333335,577372232.6666667,384324053.0555556,1164759271.5620604,582379635.7810302,387548962.59405357,-135107585.49174118,442264647.17492557,-328155765.10285234,-282323891.53466547,295048341.1320013,-475372071.1457766,-130100182.37737775,452279453.4036524,-324930855.56435436,-277316488.42030203,305063147.36072814,-472147161.60727865
136,SYR,178800844914.11023,210367707444.46198,234724800059.99997,117362400029.99998,78138918568.77779,328709905629.17505,164354952814.58752,109412171155.30475,-61438444884.110245,55923955145.88974,-100661926345.33244,-93005307414.46199,24357092615.537994,-132228788875.68419,-14445892099.522705,149909060715.06482,-69388673758.80548,-46012754629.87445,118342198184.71307,-100955536289.15723
137,TGO,37221665026.99253,43112318044.96265,86419107494.33333,43209553747.166664,28772746970.77778,127478852393.70981,63739426196.854904,42439212415.817986,5987888720.174133,49197442467.3408,-8448918056.214752,97235702.20401764,43306789449.37068,-14339571074.184868,26517761169.862373,90257187366.71729,5217547388.825455,20627108151.892258,84366534348.74716,-673105629.144661
138,THA,350599402383.3823,415354061781.37866,860046441105.3334,430023220552.6667,286211298048.99994,823580331527.1559,411790165763.57794,273989557383.45682,79423818169.28436,509447038721.95105,-64388104334.382385,14669158771.288025,444692379323.9547,-129142763732.37872,61190763380.19562,472980929143.77356,-76609844999.9255,-3563896017.80072,408226269745.7772,-141364504397.92184
139,TON,1931670274.7576559,2198795607.4991994,1269935375.0000002,634967687.5000001,422742038.8333334,1454643324.2038338,727321662.1019169,484179325.77886575,-1296702587.2576556,-661734899.7576556,-1508928235.9243226,-1563827919.9991994,-928860232.4991992,-1776053568.665866,-1204348612.6557388,-477026950.55382204,-1447490948.97879,-1471473945.3972826,-744152283.2953656,-1714616281.7203336
140,TTO,8638237801.31263,9418330251.454218,16886643775.333334,8443321887.666667,5619883874.611113,16863974415.633093,8431987207.816546,5611389133.156594,-194915913.64596272,8248405974.020704,-3018353926.701517,-975008363.7875509,7468313523.879116,-3798446376.8431053,-206250593.49608326,8225736614.320463,-3026848668.1560354,-986343043.6376715,7445644164.178875,-3806941118.2976236
141,TUN,136243812153.72809,156991964137.1177,139829678114.66666,69914839057.33333,46542156021.11111,156481775415.8568,78240887707.9284,52072563221.48207,-66328973096.39476,3585865960.938568,-89701656132.61697,-87077125079.78438,-17162286022.45105,-110449808116.00659,-58002924445.79968,20237963262.128723,-84171248932.24602,-78751076429.1893,-510188721.2608948,-104919400915.63564
142,TUR,1133195387979.0334,1345106445940.6187,964121827019.3334,482060913509.6667,320902225679.7222,1082177125477.9639,541088562738.98193,360119966238.9707,-651134474469.3667,-169073560959.70007,-812293162299.3113,-863045532430.9519,-380984618921.2853,-1024204220260.8965,-592106825240.0515,-51018262501.06958,-773075421740.0627,-804017883201.6367,-262929320462.6548,-984986479701.648
143,TZA,479724513730.0913,562880480530.6438,612967805006.6666,306483902503.3333,204096421356.44446,995824832806.797,497912416403.3985,331546216052.9797,-173240611226.758,133243291276.57532,-275628092373.64685,-256396578027.3105,50087324476.02283,-358784059174.19934,18187902673.30719,516100319076.7057,-148178297677.11163,-64968064127.2453,432944352276.1532,-231334264477.66412
144,UGA,173920318454.63843,204702392669.94772,450264453938.3333,225132226969.16666,149929805321.61108,754793599751.9506,377396799875.9753,251310073625.29752,51211908514.52823,276344135483.6949,-23990513133.027344,20429834299.218933,245562061268.3856,-54772587348.33664,203476481421.33685,580873281297.3121,77389755170.65909,172694407206.02756,550091207082.0028,46607680955.34979
145,UKR,711360660046.5198,903363910934.1637,540356805265.3333,270178402632.66666,179794352292.77777,484541005060.57513,242270502530.28757,161200965168.8138,-441182257413.85315,-171003854781.18646,-531566307753.742,-633185508301.4971,-363007105668.8304,-723569558641.386,-469090157516.2322,-226819654985.94464,-550159694877.7059,-661093408403.8761,-418822905873.58856,-742162945765.3499
146,URY,64007973695.463234,80045759084.68597,40907638822.0,20453819411.0,13613334510.38889,42273228004.79469,21136614002.397346,14066316629.647308,-43554154284.463234,-23100334873.463234,-50394639185.07434,-59591939673.685974,-39138120262.685974,-66432424574.29709,-42871359693.06589,-21734745690.66854,-49941657065.815926,-58909145082.28863,-37772531079.89128,-65979442455.038666
147,USA,4891549095158.347,6205363113695.774,3793164551812.0005,1896582275906.0002,1262161511065.2222,4144147760270.048,2072073880135.024,1378864551100.037,-2994966819252.3467,-1098384543346.3462,-3629387584093.1245,-4308780837789.7744,-2412198561883.774,-4943201602630.553,-2819475215023.3228,-747401334888.2988,-3512684544058.3096,-4133289233560.7505,-2061215353425.7266,-4826498562595.737
148,VCT,1818581031.981959,2068772861.5537755,1367658771.6666665,683829385.8333333,455196232.8333333,1372180241.5002365,686090120.7501183,456620438.7030367,-1134751646.1486259,-450922260.3152926,-1363384799.1486259,-1384943475.7204423,-701114089.887109,-1613576628.7204423,-1132490911.2318408,-446400790.4817226,-1361960593.2789223,-1382682740.8036573,-696592620.053539,-1612152422.8507388
149,VEN,156956921152.22153,174674575651.45578,383650890085.00006,191825445042.50003,127702555130.27777,452742551382.16187,226371275691.08093,150675552779.61115,34868523890.2785,226693968932.77853,-29254366021.943756,17150869391.04425,208976314433.54428,-46972020521.17801,69414354538.8594,295785630229.9403,-6281368372.610382,51696700039.62515,278067975730.70605,-23999022871.844635
150,VUT,6020316338.54305,6975034589.874961,3145376525.6666665,1572688262.8333333,1047127184.0,4331086616.063292,2165543308.031646,1441666532.6870158,-4447628075.709717,-2874939812.8763833,-4973189154.54305,-5402346327.041628,-3829658064.2082944,-5927907405.874961,-3854773030.511404,-1689229722.4797583,-4578649805.856034,-4809491281.843315,-2643947973.8116693,-5533368057.187945
151,YEM,143431632757.32886,159491845488.00223,317015041959.6667,158507520979.83334,105546333744.27779,455954997188.9749,227977498594.48746,151787984197.49728,15075888222.504486,173583409202.33783,-37885299013.05107,-984324508.1688843,157523196471.66446,-53945511743.72444,84545865837.1586,312523364431.64606,8356351440.1684265,68485653106.48523,296463151700.97266,-7703861290.504944
152,ZAF,285269486719.89954,329174347926.0548,685088886198.9999,342544443099.49994,228052241070.33334,808165778826.6915,404082889413.34576,268989720154.65863,57274956379.6004,399819399479.10034,-57217245649.56619,13370095173.44513,355914538272.94507,-101122106855.72147,118813402693.44623,522896292106.792,-16279766565.240906,74908541487.29095,478991430900.6367,-60184627771.39618
153,ZMB,63854154273.507774,73125046892.36748,184930662798.6667,92465331399.33334,61575918302.16667,296991751335.18134,148495875667.59067,98881700817.30336,28611177125.82557,121076508525.1589,-2278235971.3411026,19340284506.965866,111805615906.29921,-11549128590.200806,84641721394.08289,233137597061.67355,35027546543.795586,75370828775.22319,223866704442.81384,25756653924.935883
154,ZWE,38921890212.15544,43646857170.10039,186977263715.6667,93488631857.83334,62257771618.55555,267367805155.31802,133683902577.65901,89012641261.5554,54566741645.6779,148055373503.51123,23335881406.40011,49841774687.732956,143330406545.56628,18610914448.455162,94762012365.50357,228445914943.1626,50090751049.39996,90037045407.55862,223720947985.21765,45365784091.45502
