,ISO3,Supply-BaU2,Supply-HalfW2,Protein (g/year),Pr2030,BaU_needed,BaU_needed_low,BaU_needed_high,HalfW_needed,HalfW_needed_low,HalfW_needed_high,BaU_needed2030,BaU_needed2030_low,BaU_needed2030_high,HalfW_needed2030,HalfW_needed2030_low,HalfW_needed2030_high
0,AFG,699684401242.7513,786988413359.7688,457824772948.01404,683669719406.6484,-241859628294.7373,-241859628294.7373,-241859628294.7373,-329163640411.75476,-329163640411.75476,-329163640411.75476,-16014681836.102905,-16014681836.102905,-16014681836.102905,-103318693953.12036,-103318693953.12036,-103318693953.12036
1,ALB,113843122921.20346,131712249174.77516,55068913719.91241,55497197714.255005,-58774209201.29105,-58774209201.29105,-58774209201.29105,-76643335454.86276,-76643335454.86276,-76643335454.86276,-58345925206.948456,-58345925206.948456,-58345925206.948456,-76215051460.52016,-76215051460.52016,-76215051460.52016
2,ARE,37614523472.415146,44342394552.863144,148647345018.38327,182923097419.77985,111032821545.96812,111032821545.96812,111032821545.96812,104304950465.52013,104304950465.52013,104304950465.52013,145308573947.3647,145308573947.3647,145308573947.3647,138580702866.9167,138580702866.9167,138580702866.9167
3,ARG,5267408976462.926,6151911132461.383,741505838407.0726,862930013806.9198,-4525903138055.854,-4525903138055.854,-4525903138055.854,-5410405294054.311,-5410405294054.311,-5410405294054.311,-4404478962656.006,-4404478962656.006,-4404478962656.006,-5288981118654.463,-5288981118654.463,-5288981118654.463
4,ARM,76597262987.10612,91199214137.63577,45439829838.190994,45819088985.05206,-31157433148.91513,-31157433148.91513,-31157433148.91513,-45759384299.44478,-45759384299.44478,-45759384299.44478,-30778174002.05406,-30778174002.05406,-30778174002.05406,-45380125152.58371,-45380125152.58371,-45380125152.58371
5,ATG,835578487.4579684,981397099.6526955,1730842325.3142064,2038667612.8806794,895263837.856238,895263837.856238,895263837.856238,749445225.6615108,749445225.6615108,749445225.6615108,1203089125.422711,1203089125.422711,1203089125.422711,1057270513.2279838,1057270513.2279838,1057270513.2279838
6,AUS,956566587395.62,1380043037641.22,447939095768.23645,535266612100.8922,-508627491627.38354,-508627491627.38354,-508627491627.38354,-932103941872.9835,-932103941872.9835,-932103941872.9835,-421299975294.7278,-421299975294.7278,-421299975294.7278,-844776425540.3278,-844776425540.3278,-844776425540.3278
7,AUT,371306907492.54156,453186013488.53546,162634622902.46918,166514812293.26434,-208672284590.0724,-208672284590.0724,-208672284590.0724,-290551390586.0663,-290551390586.0663,-290551390586.0663,-204792095199.27722,-204792095199.27722,-204792095199.27722,-286671201195.2711,-286671201195.2711,-286671201195.2711
8,AZE,361189227427.375,415080908266.949,147931611001.7875,168732889548.34155,-213257616425.5875,-213257616425.5875,-213257616425.5875,-267149297265.16147,-267149297265.16147,-267149297265.16147,-192456337879.03345,-192456337879.03345,-192456337879.03345,-246348018718.60742,-246348018718.60742,-246348018718.60742
9,BDI,116662871007.29938,140765444903.10757,140052122432.04507,228427680576.14365,23389251424.745697,23389251424.745697,23389251424.745697,-713322471.0625,-713322471.0625,-713322471.0625,111764809568.84427,111764809568.84427,111764809568.84427,87662235673.03607,87662235673.03607,87662235673.03607
10,BEN,329472066415.3625,371524301920.4468,148208860037.27698,230121757982.39462,-181263206378.0855,-181263206378.0855,-181263206378.0855,-223315441883.1698,-223315441883.1698,-223315441883.1698,-99350308432.96786,-99350308432.96786,-99350308432.96786,-141402543938.05215,-141402543938.05215,-141402543938.05215
11,BFA,627288917159.6812,714660569096.1676,249484931573.59457,398869374555.59894,-377803985586.08655,-377803985586.08655,-377803985586.08655,-465175637522.573,-465175637522.573,-465175637522.573,-228419542604.0822,-228419542604.0822,-228419542604.0822,-315791194540.56866,-315791194540.56866,-315791194540.56866
12,BGD,3753165634415.6562,4224769118576.6465,2423897839444.5977,2896649680393.5376,-1329267794971.0586,-1329267794971.0586,-1329267794971.0586,-1800871279132.0488,-1800871279132.0488,-1800871279132.0488,-856515954022.1187,-856515954022.1187,-856515954022.1187,-1328119438183.109,-1328119438183.109,-1328119438183.109
13,BGR,300075429274.8349,456107755147.42114,137726168574.68628,122017404404.65974,-162349260700.14862,-162349260700.14862,-162349260700.14862,-318381586572.73486,-318381586572.73486,-318381586572.73486,-178058024870.17517,-178058024870.17517,-178058024870.17517,-334090350742.7614,-334090350742.7614,-334090350742.7614
14,BHR,5594047659.685206,6522416529.299482,21242709860.432808,32549082068.452545,15648662200.7476,15648662200.7476,15648662200.7476,14720293331.133326,14720293331.133326,14720293331.133326,26955034408.767338,26955034408.767338,26955034408.767338,26026665539.15306,26026665539.15306,26026665539.15306
15,BHS,10596781532.965487,11663082474.12616,6853168482.137541,7970623318.449087,-3743613050.8279457,-3743613050.8279457,-3743613050.8279457,-4809913991.988619,-4809913991.988619,-4809913991.988619,-2626158214.5163994,-2626158214.5163994,-2626158214.5163994,-3692459155.6770725,-3692459155.6770725,-3692459155.6770725
16,BIH,82029904812.026,96928413775.81682,68246953300.39162,64591367947.986465,-13782951511.634384,-13782951511.634384,-13782951511.634384,-28681460475.4252,-28681460475.4252,-28681460475.4252,-17438536864.039536,-17438536864.039536,-17438536864.039536,-32337045827.830353,-32337045827.830353,-32337045827.830353
17,BLR,499557646749.5696,597568586232.8607,179182796001.09384,171221775670.56155,-320374850748.4757,-320374850748.4757,-320374850748.4757,-418385790231.76685,-418385790231.76685,-418385790231.76685,-328335871079.00806,-328335871079.00806,-328335871079.00806,-426346810562.2992,-426346810562.2992,-426346810562.2992
18,BLZ,16595130186.052662,20110021711.363003,5882380280.483444,8171294937.382976,-10712749905.569218,-10712749905.569218,-10712749905.569218,-14227641430.879559,-14227641430.879559,-14227641430.879559,-8423835248.669686,-8423835248.669686,-8423835248.669686,-11938726773.980026,-11938726773.980026,-11938726773.980026
19,BOL,420648090531.3107,480693338068.2878,175200474469.02136,224333365713.04376,-245447616062.28937,-245447616062.28937,-245447616062.28937,-305492863599.2664,-305492863599.2664,-305492863599.2664,-196314724818.26697,-196314724818.26697,-196314724818.26697,-256359972355.24402,-256359972355.24402,-256359972355.24402
20,BRA,9086902253170.615,10740368993009.867,3631940775926.742,4094657788626.3467,-5454961477243.873,-5454961477243.873,-5454961477243.873,-7108428217083.125,-7108428217083.125,-7108428217083.125,-4992244464544.269,-4992244464544.269,-4992244464544.269,-6645711204383.5205,-6645711204383.5205,-6645711204383.5205
21,BRB,10101667055.834885,11003650833.202286,5067853518.352333,5165476013.043173,-5033813537.482552,-5033813537.482552,-5033813537.482552,-5935797314.849953,-5935797314.849953,-5935797314.849953,-4936191042.791712,-4936191042.791712,-4936191042.791712,-5838174820.159113,-5838174820.159113,-5838174820.159113
22,BRN,11790049345.581968,12731674965.771711,6459437770.179018,7814228074.096251,-5330611575.40295,-5330611575.40295,-5330611575.40295,-6272237195.592693,-6272237195.592693,-6272237195.592693,-3975821271.485718,-3975821271.485718,-3975821271.485718,-4917446891.675461,-4917446891.675461,-4917446891.675461
23,BTN,18500566318.127422,21095025969.60102,11897587316.244299,14344865326.925453,-6602979001.883123,-6602979001.883123,-6602979001.883123,-9197438653.356722,-9197438653.356722,-9197438653.356722,-4155700991.201969,-4155700991.201969,-4155700991.201969,-6750160642.675568,-6750160642.675568,-6750160642.675568
24,BWA,27265493958.012615,32118886044.874115,33598482844.97537,44628490676.81906,6332988886.962753,6332988886.962753,6332988886.962753,1479596800.1012535,1479596800.1012535,1479596800.1012535,17362996718.806446,17362996718.806446,17362996718.806446,12509604631.944946,12509604631.944946,12509604631.944946
25,CAF,82408215416.51021,97637235436.95717,65215195747.56929,90013717368.89896,-17193019668.940918,-17193019668.940918,-17193019668.940918,-32422039689.38788,-32422039689.38788,-32422039689.38788,7605501952.388748,7605501952.388748,7605501952.388748,-7623518068.058212,-7623518068.058212,-7623518068.058212
26,CAN,1679391898970.603,2437727805502.4136,749408084472.7034,846476514223.6168,-929983814497.8997,-929983814497.8997,-929983814497.8997,-1688319721029.7102,-1688319721029.7102,-1688319721029.7102,-832915384746.9862,-832915384746.9862,-832915384746.9862,-1591251291278.7969,-1591251291278.7969,-1591251291278.7969
27,CHE,304605959590.5491,342925392840.08124,154472476781.83417,170767035557.4486,-150133482808.7149,-150133482808.7149,-150133482808.7149,-188452916058.24707,-188452916058.24707,-188452916058.24707,-133838924033.10046,-133838924033.10046,-133838924033.10046,-172158357282.63263,-172158357282.63263,-172158357282.63263
28,CHL,754250119434.0603,882262902089.3359,313795968481.0652,353579455446.31586,-440454150952.9951,-440454150952.9951,-440454150952.9951,-568466933608.2708,-568466933608.2708,-568466933608.2708,-400670663987.74445,-400670663987.74445,-400670663987.74445,-528683446643.0201,-528683446643.0201,-528683446643.0201
29,CIV,530367556511.0713,646797012938.5996,326301576391.2015,488729141678.5824,-204065980119.8698,-204065980119.8698,-204065980119.8698,-320495436547.39813,-320495436547.39813,-320495436547.39813,-41638414832.48889,-41638414832.48889,-41638414832.48889,-158067871260.0172,-158067871260.0172,-158067871260.0172
30,CMR,654926579873.5747,766635335170.0333,320143607832.91534,487578454494.5224,-334782972040.65936,-334782972040.65936,-334782972040.65936,-446491727337.118,-446491727337.118,-446491727337.118,-167348125379.0523,-167348125379.0523,-167348125379.0523,-279056880675.5109,-279056880675.5109,-279056880675.5109
31,COD,655138768756.3756,810017303451.938,1036026281647.881,1730219700223.5195,380887512891.5054,380887512891.5054,380887512891.5054,226008978195.943,226008978195.943,226008978195.943,1075080931467.1439,1075080931467.1439,1075080931467.1439,920202396771.5815,920202396771.5815,920202396771.5815
32,COG,74457376885.63116,84662650676.17984,70300842156.53531,108306120985.08386,-4156534729.0958557,-4156534729.0958557,-4156534729.0958557,-14361808519.644531,-14361808519.644531,-14361808519.644531,33848744099.452698,33848744099.452698,33848744099.452698,23643470308.904022,23643470308.904022,23643470308.904022
33,COL,1100289465623.4805,1253339064304.6313,842122470878.7037,960596925852.0654,-258166994744.77673,-258166994744.77673,-258166994744.77673,-411216593425.9276,-411216593425.9276,-411216593425.9276,-139692539771.41504,-139692539771.41504,-139692539771.41504,-292742138452.5659,-292742138452.5659,-292742138452.5659
34,COM,11085142506.03986,13165475408.513975,11163704470.947502,16032389084.801893,78561964.90764236,78561964.90764236,78561964.90764236,-2001770937.566473,-2001770937.566473,-2001770937.566473,4947246578.762033,4947246578.762033,4947246578.762033,2866913676.287918,2866913676.287918,2866913676.287918
35,CPR,57394761587932.72,67489907884228.97,22265257609597.41,23298229524722.953,-35129503978335.31,-35129503978335.31,-35129503978335.31,-45224650274631.56,-45224650274631.56,-45224650274631.56,-34096532063209.766,-34096532063209.766,-34096532063209.766,-44191678359506.016,-44191678359506.016,-44191678359506.016
36,CPV,15497523677.268105,17752794225.72818,8141495402.468041,10078125462.274477,-7356028274.800063,-7356028274.800063,-7356028274.800063,-9611298823.26014,-9611298823.26014,-9611298823.26014,-5419398214.993628,-5419398214.993628,-5419398214.993628,-7674668763.453703,-7674668763.453703,-7674668763.453703
37,CRI,136270118252.72058,155977968791.48068,84330968734.56918,97826086495.87434,-51939149518.1514,-51939149518.1514,-51939149518.1514,-71647000056.9115,-71647000056.9115,-71647000056.9115,-38444031756.84624,-38444031756.84624,-38444031756.84624,-58151882295.60634,-58151882295.60634,-58151882295.60634
38,CUB,149308199460.86642,174950053659.60568,207711468304.48642,207426902765.15982,58403268843.619995,58403268843.619995,58403268843.619995,32761414644.880737,32761414644.880737,32761414644.880737,58118703304.293396,58118703304.293396,58118703304.293396,32476849105.55414,32476849105.55414,32476849105.55414
39,CYP,42164772777.95049,47879915027.194,18318240968.07905,20436366647.592453,-23846531809.871445,-23846531809.871445,-23846531809.871445,-29561674059.114952,-29561674059.114952,-29561674059.114952,-21728406130.35804,-21728406130.35804,-21728406130.35804,-27443548379.601547,-27443548379.601547,-27443548379.601547
40,CZE,465308466683.23834,579237283653.3036,201458738146.5032,199826418769.69275,-263849728536.73514,-263849728536.73514,-263849728536.73514,-377778545506.8004,-377778545506.8004,-377778545506.8004,-265482047913.5456,-265482047913.5456,-265482047913.5456,-379410864883.61084,-379410864883.61084,-379410864883.61084
41,DEU,3287599049470.14,4005282335309.8086,1538704443366.0142,1528675146881.1545,-1748894606104.126,-1748894606104.126,-1748894606104.126,-2466577891943.7944,-2466577891943.7944,-2466577891943.7944,-1758923902588.9856,-1758923902588.9856,-1758923902588.9856,-2476607188428.6543,-2476607188428.6543,-2476607188428.6543
42,DJI,2919393721.426929,3500836630.541951,14167755222.058058,18071514421.88484,11248361500.631128,11248361500.631128,11248361500.631128,10666918591.516106,10666918591.516106,10666918591.516106,15152120700.457909,15152120700.457909,15152120700.457909,14570677791.342888,14570677791.342888,14570677791.342888
43,DNK,363988579781.4073,466291416481.22455,106125297389.92883,112577160725.68097,-257863282391.47845,-257863282391.47845,-257863282391.47845,-360166119091.2957,-360166119091.2957,-360166119091.2957,-251411419055.72632,-251411419055.72632,-251411419055.72632,-353714255755.5436,-353714255755.5436,-353714255755.5436
44,DZA,1529468088717.1313,1727109943722.2588,608586540674.2433,782047717422.7317,-920881548042.8881,-920881548042.8881,-920881548042.8881,-1118523403048.0156,-1118523403048.0156,-1118523403048.0156,-747420371294.3997,-747420371294.3997,-747420371294.3997,-945062226299.5271,-945062226299.5271,-945062226299.5271
45,ECU,357716942568.54846,432097474331.85046,270157186981.01355,340483681070.6333,-87559755587.53491,-87559755587.53491,-87559755587.53491,-161940287350.8369,-161940287350.8369,-161940287350.8369,-17233261497.91516,-17233261497.91516,-17233261497.91516,-91613793261.21716,-91613793261.21716,-91613793261.21716
46,EGY,3217123975750.6826,3696275866893.551,1404633065720.661,1877985608148.7458,-1812490910030.0217,-1812490910030.0217,-1812490910030.0217,-2291642801172.8896,-2291642801172.8896,-2291642801172.8896,-1339138367601.9368,-1339138367601.9368,-1339138367601.9368,-1818290258744.805,-1818290258744.805,-1818290258744.805
47,ESP,2258258881063.998,2655905716118.5454,864987563724.1301,853771272057.5521,-1393271317339.868,-1393271317339.868,-1393271317339.868,-1790918152394.4153,-1790918152394.4153,-1790918152394.4153,-1404487609006.4458,-1404487609006.4458,-1404487609006.4458,-1802134444060.9932,-1802134444060.9932,-1802134444060.9932
48,EST,44052180459.0665,62846229903.02948,24587293621.152042,23279992528.47489,-19464886837.914455,-19464886837.914455,-19464886837.914455,-38258936281.87744,-38258936281.87744,-38258936281.87744,-20772187930.591606,-20772187930.591606,-20772187930.591606,-39566237374.55459,-39566237374.55459,-39566237374.55459
49,ETH,2955721053772.3726,3349357563849.4224,1423024835480.7336,2112042222625.8943,-1532696218291.639,-1532696218291.639,-1532696218291.639,-1926332728368.6887,-1926332728368.6887,-1926332728368.6887,-843678831146.4783,-843678831146.4783,-843678831146.4783,-1237315341223.528,-1237315341223.528,-1237315341223.528
50,FIN,238318767721.14798,284817606344.0832,101767523152.6053,106041372673.29396,-136551244568.54268,-136551244568.54268,-136551244568.54268,-183050083191.4779,-183050083191.4779,-183050083191.4779,-132277395047.85402,-132277395047.85402,-132277395047.85402,-178776233670.78925,-178776233670.78925,-178776233670.78925
51,FJI,15642773457.870502,18388926400.430996,16310908975.21431,18334523600.17408,668135517.3438072,668135517.3438072,668135517.3438072,-2078017425.2166862,-2078017425.2166862,-2078017425.2166862,2691750142.3035774,2691750142.3035774,2691750142.3035774,-54402800.256916046,-54402800.256916046,-54402800.256916046
52,FRA,2993164477082.2817,3830698739638.9756,1168262798361.9634,1226687189458.4255,-1824901678720.3184,-1824901678720.3184,-1824901678720.3184,-2662435941277.012,-2662435941277.012,-2662435941277.012,-1766477287623.8562,-1766477287623.8562,-1766477287623.8562,-2604011550180.55,-2604011550180.55,-2604011550180.55
53,GAB,22019673028.882206,26960322704.22967,28073562526.825397,39835144389.54386,6053889497.943192,6053889497.943192,6053889497.943192,1113239822.595726,1113239822.595726,1113239822.595726,17815471360.661655,17815471360.661655,17815471360.661655,12874821685.31419,12874821685.31419,12874821685.31419
54,GBR,2483503443700.785,2917822383573.135,1198318540501.2344,1295390605213.0986,-1285184903199.5508,-1285184903199.5508,-1285184903199.5508,-1719503843071.9004,-1719503843071.9004,-1719503843071.9004,-1188112838487.6865,-1188112838487.6865,-1188112838487.6865,-1622431778360.0361,-1622431778360.0361,-1622431778360.0361
55,GEO,133526351128.38968,150132250253.233,62449081403.91721,58780202419.47836,-71077269724.47247,-71077269724.47247,-71077269724.47247,-87683168849.3158,-87683168849.3158,-87683168849.3158,-74746148708.91132,-74746148708.91132,-74746148708.91132,-91352047833.75464,-91352047833.75464,-91352047833.75464
56,GHA,627954935597.0413,771242144032.7607,399418569700.6993,567900590799.803,-228536365896.34198,-228536365896.34198,-228536365896.34198,-371823574332.06146,-371823574332.06146,-371823574332.06146,-60054344797.23828,-60054344797.23828,-60054344797.23828,-203341553232.95776,-203341553232.95776,-203341553232.95776
57,GIN,306124465330.35205,348786327181.8269,170996820536.9242,260774469369.34732,-135127644793.42786,-135127644793.42786,-135127644793.42786,-177789506644.9027,-177789506644.9027,-177789506644.9027,-45349995961.00473,-45349995961.00473,-45349995961.00473,-88011857812.47958,-88011857812.47958,-88011857812.47958
58,GMB,57548633642.23954,64047778128.00256,27132739146.641747,43708496213.597374,-30415894495.597794,-30415894495.597794,-30415894495.597794,-36915038981.36082,-36915038981.36082,-36915038981.36082,-13840137428.642166,-13840137428.642166,-13840137428.642166,-20339281914.40519,-20339281914.40519,-20339281914.40519
59,GRC,514245788278.9413,603846839461.7474,209924607822.59418,201245093992.04623,-304321180456.3471,-304321180456.3471,-304321180456.3471,-393922231639.15326,-393922231639.15326,-393922231639.15326,-313000694286.895,-313000694286.895,-313000694286.895,-402601745469.7012,-402601745469.7012,-402601745469.7012
60,GRD,3647897945.919837,4029132202.6251907,1826272687.508881,1968572096.1159894,-1821625258.410956,-1821625258.410956,-1821625258.410956,-2202859515.1163096,-2202859515.1163096,-2202859515.1163096,-1679325849.8038476,-1679325849.8038476,-1679325849.8038476,-2060560106.5092013,-2060560106.5092013,-2060560106.5092013
61,GTM,334746767650.41516,384617134870.9679,258574882656.80054,358366731108.3781,-76171884993.61462,-76171884993.61462,-76171884993.61462,-126042252214.16736,-126042252214.16736,-126042252214.16736,23619963457.96295,23619963457.96295,23619963457.96295,-26250403762.589783,-26250403762.589783,-26250403762.589783
62,GUY,23603862045.307117,29287431872.392906,13056130797.251434,14470782744.76409,-10547731248.055683,-10547731248.055683,-10547731248.055683,-16231301075.141472,-16231301075.141472,-16231301075.141472,-9133079300.543028,-9133079300.543028,-9133079300.543028,-14816649127.628817,-14816649127.628817,-14816649127.628817
63,HND,143183434150.15955,163972405909.2598,146408039515.4598,193140588890.71167,3224605365.3002625,3224605365.3002625,3224605365.3002625,-17564366393.799988,-17564366393.799988,-17564366393.799988,49957154740.552124,49957154740.552124,49957154740.552124,29168182981.451874,29168182981.451874,29168182981.451874
64,HRV,159378345316.405,191123172921.4505,80200159887.50919,73235120029.84937,-79178185428.89581,-79178185428.89581,-79178185428.89581,-110923013033.94131,-110923013033.94131,-110923013033.94131,-86143225286.55563,-86143225286.55563,-86143225286.55563,-117888052891.60114,-117888052891.60114,-117888052891.60114
65,HUN,517307185885.4402,656506852585.9608,187102321423.40005,175763382378.87943,-330204864462.04016,-330204864462.04016,-330204864462.04016,-469404531162.5608,-469404531162.5608,-469404531162.5608,-341543803506.5608,-341543803506.5608,-341543803506.5608,-480743470207.0814,-480743470207.0814,-480743470207.0814
66,IDN,7238582994661.904,8241537965407.27,3915253247001.6294,4633342116496.363,-3323329747660.275,-3323329747660.275,-3323329747660.275,-4326284718405.64,-4326284718405.64,-4326284718405.64,-2605240878165.541,-2605240878165.541,-2605240878165.541,-3608195848910.9062,-3608195848910.9062,-3608195848910.9062
67,IND,29127737338164.5,33468491362331.223,19770548461385.785,23616606438081.48,-9357188876778.715,-9357188876778.715,-9357188876778.715,-13697942900945.438,-13697942900945.438,-13697942900945.438,-5511130900083.02,-5511130900083.02,-5511130900083.02,-9851884924249.742,-9851884924249.742,-9851884924249.742
68,IRL,276756300997.3484,330177206258.5473,86025941952.23279,97382462034.98097,-190730359045.1156,-190730359045.1156,-190730359045.1156,-244151264306.3145,-244151264306.3145,-244151264306.3145,-179373838962.36743,-179373838962.36743,-179373838962.36743,-232794744223.56635,-232794744223.56635,-232794744223.56635
69,IRN,3004014715607.487,3360471402603.935,1218666105364.0696,1423828293908.5393,-1785348610243.4172,-1785348610243.4172,-1785348610243.4172,-2141805297239.8655,-2141805297239.8655,-2141805297239.8655,-1580186421698.9475,-1580186421698.9475,-1580186421698.9475,-1936643108695.3958,-1936643108695.3958,-1936643108695.3958
70,ISL,144683057469.2335,175602274570.2088,6016722856.370003,6714662661.038062,-138666334612.8635,-138666334612.8635,-138666334612.8635,-169585551713.8388,-169585551713.8388,-169585551713.8388,-137968394808.19543,-137968394808.19543,-137968394808.19543,-168887611909.17075,-168887611909.17075,-168887611909.17075
71,ISR,334374248950.89905,375430888921.19635,118617709967.29718,150830394942.06506,-215756538983.60187,-215756538983.60187,-215756538983.60187,-256813178953.89917,-256813178953.89917,-256813178953.89917,-183543854008.83398,-183543854008.83398,-183543854008.83398,-224600493979.1313,-224600493979.1313,-224600493979.1313
72,ITA,2605713347349.8916,3053091135771.3804,1110533791528.007,1073114965938.839,-1495179555821.8845,-1495179555821.8845,-1495179555821.8845,-1942557344243.3733,-1942557344243.3733,-1942557344243.3733,-1532598381411.0527,-1532598381411.0527,-1532598381411.0527,-1979976169832.5415,-1979976169832.5415,-1979976169832.5415
73,JAM,76890705685.90198,85274839505.4318,50041036258.5057,51709347452.84617,-26849669427.39628,-26849669427.39628,-26849669427.39628,-35233803246.926094,-35233803246.926094,-35233803246.926094,-25181358233.05581,-25181358233.05581,-25181358233.05581,-33565492052.585625,-33565492052.585625,-33565492052.585625
74,JOR,199542668275.58218,222038744774.9073,128368259758.38757,168372217133.76425,-71174408517.19461,-71174408517.19461,-71174408517.19461,-93670485016.51971,-93670485016.51971,-93670485016.51971,-31170451141.817932,-31170451141.817932,-31170451141.817932,-53666527641.143036,-53666527641.143036,-53666527641.143036
75,JPN,3394315289398.5293,3853563842479.8955,1989247288108.101,1866787125412.5415,-1405068001290.4282,-1405068001290.4282,-1405068001290.4282,-1864316554371.7944,-1864316554371.7944,-1864316554371.7944,-1527528163985.9878,-1527528163985.9878,-1527528163985.9878,-1986776717067.354,-1986776717067.354,-1986776717067.354
76,KAZ,1214901205678.6362,1481130144678.322,265029761078.4132,315211832877.90106,-949871444600.223,-949871444600.223,-949871444600.223,-1216100383599.9087,-1216100383599.9087,-1216100383599.9087,-899689372800.7351,-899689372800.7351,-899689372800.7351,-1165918311800.421,-1165918311800.421,-1165918311800.421
77,KEN,951077562146.2258,1077774775469.0186,671567860865.1172,1012407469185.5681,-279509701281.10864,-279509701281.10864,-279509701281.10864,-406206914603.90137,-406206914603.90137,-406206914603.90137,61329907039.342285,61329907039.342285,61329907039.342285,-65367306283.45044,-65367306283.45044,-65367306283.45044
78,KGZ,188699248574.73486,218623758302.6624,85720004226.14922,106318125675.59172,-102979244348.58565,-102979244348.58565,-102979244348.58565,-132903754076.5132,-132903754076.5132,-132903754076.5132,-82381122899.14314,-82381122899.14314,-82381122899.14314,-112305632627.0707,-112305632627.0707,-112305632627.0707
79,KHM,633206742314.1005,730676963034.9456,228921478594.13306,289179734148.34973,-404285263719.9674,-404285263719.9674,-404285263719.9674,-501755484440.8125,-501755484440.8125,-501755484440.8125,-344027008165.75073,-344027008165.75073,-344027008165.75073,-441497228886.5958,-441497228886.5958,-441497228886.5958
80,KIR,22160890618.859314,26454417825.31268,1921890745.4542925,2528512170.108325,-20238999873.40502,-20238999873.40502,-20238999873.40502,-24532527079.858387,-24532527079.858387,-24532527079.858387,-19632378448.750988,-19632378448.750988,-19632378448.750988,-23925905655.204353,-23925905655.204353,-23925905655.204353
81,KOR,1510308646481.6912,1739892243339.2144,816564254113.47,843161550560.9968,-693744392368.2212,-693744392368.2212,-693744392368.2212,-923327989225.7444,-923327989225.7444,-923327989225.7444,-667147095920.6943,-667147095920.6943,-667147095920.6943,-896730692778.2175,-896730692778.2175,-896730692778.2175
82,KWT,133210055962.83083,146231953366.12976,59591389777.59222,78753421846.59738,-73618666185.23862,-73618666185.23862,-73618666185.23862,-86640563588.53754,-86640563588.53754,-86640563588.53754,-54456634116.233444,-54456634116.233444,-54456634116.233444,-67478531519.53238,-67478531519.53238,-67478531519.53238
83,LBN,154372445875.76007,173830367047.65646,87183067311.01585,84890601767.70914,-67189378564.74422,-67189378564.74422,-67189378564.74422,-86647299736.64061,-86647299736.64061,-86647299736.64061,-69481844108.05093,-69481844108.05093,-69481844108.05093,-88939765279.94733,-88939765279.94733,-88939765279.94733
84,LBY,87018832637.6375,103224860316.94229,97923114265.85262,119688003031.34625,10904281628.215118,10904281628.215118,10904281628.215118,-5301746051.089676,-5301746051.089676,-5301746051.089676,32669170393.708755,32669170393.708755,32669170393.708755,16463142714.403961,16463142714.403961,16463142714.403961
85,LCA,5252616717.524859,5704602358.85447,3160947003.462198,3386306969.0261583,-2091669714.0626616,-2091669714.0626616,-2091669714.0626616,-2543655355.3922725,-2543655355.3922725,-2543655355.3922725,-1866309748.498701,-1866309748.498701,-1866309748.498701,-2318295389.828312,-2318295389.828312,-2318295389.828312
86,LKA,519409912268.0796,577815712350.0997,320359896849.6184,339883891290.992,-199050015418.46118,-199050015418.46118,-199050015418.46118,-257455815500.48132,-257455815500.48132,-257455815500.48132,-179526020977.0876,-179526020977.0876,-179526020977.0876,-237931821059.10773,-237931821059.10773,-237931821059.10773
87,LTU,155296711532.00067,232429423014.18503,55656018802.92335,50090645004.43186,-99640692729.07733,-99640692729.07733,-99640692729.07733,-176773404211.2617,-176773404211.2617,-176773404211.2617,-105206066527.56882,-105206066527.56882,-105206066527.56882,-182338778009.75317,-182338778009.75317,-182338778009.75317
88,LVA,72492158357.42046,117181677828.75865,37930503150.69991,32665555835.168495,-34561655206.72054,-34561655206.72054,-34561655206.72054,-79251174678.05875,-79251174678.05875,-79251174678.05875,-39826602522.25196,-39826602522.25196,-39826602522.25196,-84516121993.59015,-84516121993.59015,-84516121993.59015
89,MAR,1533063799964.8853,1788881634854.4358,542487121992.62537,660682367276.1663,-990576677972.2599,-990576677972.2599,-990576677972.2599,-1246394512861.8105,-1246394512861.8105,-1246394512861.8105,-872381432688.719,-872381432688.719,-872381432688.719,-1128199267578.2695,-1128199267578.2695,-1128199267578.2695
90,MDA,105149439695.93173,134059168481.68483,77835216452.59117,73964701566.5743,-27314223243.34056,-27314223243.34056,-27314223243.34056,-56223952029.09366,-56223952029.09366,-56223952029.09366,-31184738129.357437,-31184738129.357437,-31184738129.357437,-60094466915.110535,-60094466915.110535,-60094466915.110535
91,MDG,355404289782.53485,408231700827.26245,343856985168.7188,529973341182.3528,-11547304613.81604,-11547304613.81604,-11547304613.81604,-64374715658.54364,-64374715658.54364,-64374715658.54364,174569051399.81793,174569051399.81793,174569051399.81793,121741640355.09033,121741640355.09033,121741640355.09033
92,MDV,20487846900.381042,25741050938.370163,6326054761.372998,8158934980.2555065,-14161792139.008045,-14161792139.008045,-14161792139.008045,-19414996176.997166,-19414996176.997166,-19414996176.997166,-12328911920.125536,-12328911920.125536,-12328911920.125536,-17582115958.114655,-17582115958.114655,-17582115958.114655
93,MEX,4004246652103.0566,4536898968389.609,2132428915506.5505,2608667475963.774,-1871817736596.506,-1871817736596.506,-1871817736596.506,-2404470052883.0586,-2404470052883.0586,-2404470052883.0586,-1395579176139.2827,-1395579176139.2827,-1395579176139.2827,-1928231492425.8354,-1928231492425.8354,-1928231492425.8354
94,MKD,64507058529.793724,76003348315.96198,39668077019.53909,39723524117.32823,-24838981510.25463,-24838981510.25463,-24838981510.25463,-36335271296.42288,-36335271296.42288,-36335271296.42288,-24783534412.465492,-24783534412.465492,-24783534412.465492,-36279824198.63374,-36279824198.63374,-36279824198.63374
95,MLI,726181221123.0907,825467794022.6716,236297032425.5821,386608994431.0278,-489884188697.5086,-489884188697.5086,-489884188697.5086,-589170761597.0896,-589170761597.0896,-589170761597.0896,-339572226692.0629,-339572226692.0629,-339572226692.0629,-438858799591.64386,-438858799591.64386,-438858799591.64386
96,MLT,19470412306.418144,22224569356.708267,8161285418.065604,8393236525.864306,-11309126888.35254,-11309126888.35254,-11309126888.35254,-14063283938.642662,-14063283938.642662,-14063283938.642662,-11077175780.553837,-11077175780.553837,-11077175780.553837,-13831332830.84396,-13831332830.84396,-13831332830.84396
97,MNG,90539875993.73485,104130739509.72707,44093932175.56063,55097473170.169174,-46445943818.17422,-46445943818.17422,-46445943818.17422,-60036807334.166435,-60036807334.166435,-60036807334.166435,-35442402823.565674,-35442402823.565674,-35442402823.565674,-49033266339.55789,-49033266339.55789,-49033266339.55789
98,MRT,79684587056.14282,93022248200.8286,59700118044.29174,91303628879.54793,-19984469011.85108,-19984469011.85108,-19984469011.85108,-33322130156.536858,-33322130156.536858,-33322130156.536858,11619041823.405106,11619041823.405106,11619041823.405106,-1718619321.2806702,-1718619321.2806702,-1718619321.2806702
99,MUS,43191913379.96967,47072826772.50056,20886150418.0603,21551266800.738014,-22305762961.909374,-22305762961.909374,-22305762961.909374,-26186676354.440258,-26186676354.440258,-26186676354.440258,-21640646579.23166,-21640646579.23166,-21640646579.23166,-25521559971.762543,-25521559971.762543,-25521559971.762543
100,MWI,420640426378.2393,495601492049.0053,243497694960.135,390684099985.18567,-177142731418.1043,-177142731418.1043,-177142731418.1043,-252103797088.8703,-252103797088.8703,-252103797088.8703,-29956326393.05365,-29956326393.05365,-29956326393.05365,-104917392063.81964,-104917392063.81964,-104917392063.81964
101,MYS,924246629990.7072,1037606224378.1548,470958388189.72284,579869442505.8911,-453288241800.9843,-453288241800.9843,-453288241800.9843,-566647836188.4319,-566647836188.4319,-566647836188.4319,-344377187484.81604,-344377187484.81604,-344377187484.81604,-457736781872.2637,-457736781872.2637,-457736781872.2637
102,NAM,85586997279.01027,101507857309.79532,35552915186.76314,49818408886.331505,-50034082092.24713,-50034082092.24713,-50034082092.24713,-65954942123.03218,-65954942123.03218,-65954942123.03218,-35768588392.678764,-35768588392.678764,-35768588392.678764,-51689448423.46381,-51689448423.46381,-51689448423.46381
103,NER,886468255486.7125,1015287583858.017,262154197284.9276,483849135226.6289,-624314058201.7849,-624314058201.7849,-624314058201.7849,-753133386573.0894,-753133386573.0894,-753133386573.0894,-402619120260.0836,-402619120260.0836,-402619120260.0836,-531438448631.38806,-531438448631.38806,-531438448631.38806
104,NGA,4110161682209.041,4786582994818.598,2529975425682.018,3858321817703.3003,-1580186256527.023,-1580186256527.023,-1580186256527.023,-2256607569136.5796,-2256607569136.5796,-2256607569136.5796,-251839864505.74072,-251839864505.74072,-251839864505.74072,-928261177115.2974,-928261177115.2974,-928261177115.2974
105,NIC,140381822307.58035,163185859879.69656,101667242934.56198,123728326836.57959,-38714579373.01837,-38714579373.01837,-38714579373.01837,-61518616945.13458,-61518616945.13458,-61518616945.13458,-16653495471.000763,-16653495471.000763,-16653495471.000763,-39457533043.116974,-39457533043.116974,-39457533043.116974
106,NLD,900074786406.8665,1102536382501.9978,316694415055.8462,327628578027.23175,-583380371351.0203,-583380371351.0203,-583380371351.0203,-785841967446.1516,-785841967446.1516,-785841967446.1516,-572446208379.6348,-572446208379.6348,-572446208379.6348,-774907804474.7661,-774907804474.7661,-774907804474.7661
107,NOR,208622263071.93103,259263205082.88348,95191021522.58878,110272362840.83884,-113431241549.34225,-113431241549.34225,-113431241549.34225,-164072183560.2947,-164072183560.2947,-164072183560.2947,-98349900231.0922,-98349900231.0922,-98349900231.0922,-148990842242.04465,-148990842242.04465,-148990842242.04465
108,NPL,724393075499.946,829899858867.4347,426778900836.224,517117076041.63947,-297614174663.72205,-297614174663.72205,-297614174663.72205,-403120958031.2107,-403120958031.2107,-403120958031.2107,-207275999458.30658,-207275999458.30658,-207275999458.30658,-312782782825.7952,-312782782825.7952,-312782782825.7952
109,NZL,297391713332.8405,400193414536.96844,86689084705.2346,99025886745.39407,-210702628627.6059,-210702628627.6059,-210702628627.6059,-313504329831.7338,-313504329831.7338,-313504329831.7338,-198365826587.44644,-198365826587.44644,-198365826587.44644,-301167527791.57434,-301167527791.57434,-301167527791.57434
110,OMN,145284762291.53992,163850016089.516,61678424586.37794,94338083654.82556,-83606337705.16199,-83606337705.16199,-83606337705.16199,-102171591503.13806,-102171591503.13806,-102171591503.13806,-50946678636.714355,-50946678636.714355,-50946678636.714355,-69511932434.69043,-69511932434.69043,-69511932434.69043
111,PAK,4795351115293.487,5412128533303.315,2721854039934.5967,3678654544121.6143,-2073497075358.8906,-2073497075358.8906,-2073497075358.8906,-2690274493368.7188,-2690274493368.7188,-2690274493368.7188,-1116696571171.873,-1116696571171.873,-1116696571171.873,-1733473989181.7012,-1733473989181.7012,-1733473989181.7012
112,PAN,94579763844.47978,106683952520.94058,66673235815.69567,85080930552.35269,-27906528028.78411,-27906528028.78411,-27906528028.78411,-40010716705.24491,-40010716705.24491,-40010716705.24491,-9498833292.12709,-9498833292.12709,-9498833292.12709,-21603021968.58789,-21603021968.58789,-21603021968.58789
113,PER,1321431685088.6323,1530442903904.2588,530667304977.6562,646657667805.1366,-790764380110.9761,-790764380110.9761,-790764380110.9761,-999775598926.6025,-999775598926.6025,-999775598926.6025,-674774017283.4957,-674774017283.4957,-674774017283.4957,-883785236099.1222,-883785236099.1222,-883785236099.1222
114,PHL,2415689945248.5103,2760138639267.435,1499856798914.809,1912090644711.1057,-915833146333.7012,-915833146333.7012,-915833146333.7012,-1260281840352.626,-1260281840352.626,-1260281840352.626,-503599300537.40454,-503599300537.40454,-503599300537.40454,-848047994556.3293,-848047994556.3293,-848047994556.3293
115,PNG,181922033684.02338,215648308155.0084,134104229031.53188,187163287011.50082,-47817804652.4915,-47817804652.4915,-47817804652.4915,-81544079123.47652,-81544079123.47652,-81544079123.47652,5241253327.4774475,5241253327.4774475,5241253327.4774475,-28485021143.50757,-28485021143.50757,-28485021143.50757
116,POL,1505936722646.6396,1877211916041.8586,727202566095.7517,695073704522.196,-778734156550.888,-778734156550.888,-778734156550.888,-1150009349946.107,-1150009349946.107,-1150009349946.107,-810863018124.4436,-810863018124.4436,-810863018124.4436,-1182138211519.6626,-1182138211519.6626,-1182138211519.6626
117,PRT,510922054420.97217,581588292146.5803,196546855199.46527,185220158238.4282,-314375199221.5069,-314375199221.5069,-314375199221.5069,-385041436947.11505,-385041436947.11505,-385041436947.11505,-325701896182.54395,-325701896182.54395,-325701896182.54395,-396368133908.1521,-396368133908.1521,-396368133908.1521
118,PRY,439396495335.1522,558341410593.5718,110808828387.06862,136177277625.9432,-328587666948.0836,-328587666948.0836,-328587666948.0836,-447532582206.5032,-447532582206.5032,-447532582206.5032,-303219217709.209,-303219217709.209,-303219217709.209,-422164132967.62854,-422164132967.62854,-422164132967.62854
119,QAT,6770621008.751053,7953679551.345503,38859050792.859344,53465972331.683784,32088429784.10829,32088429784.10829,32088429784.10829,30905371241.51384,30905371241.51384,30905371241.51384,46695351322.93273,46695351322.93273,46695351322.93273,45512292780.33828,45512292780.33828,45512292780.33828
120,ROU,763178960726.1478,1032101516661.1893,378080760948.8335,349474216216.28687,-385098199777.31433,-385098199777.31433,-385098199777.31433,-654020755712.3558,-654020755712.3558,-654020755712.3558,-413704744509.86096,-413704744509.86096,-413704744509.86096,-682627300444.9025,-682627300444.9025,-682627300444.9025
121,RUS,7708592517826.776,9350120420822.783,2717775294043.1226,2625594146802.8306,-4990817223783.654,-4990817223783.654,-4990817223783.654,-6632345126779.66,-6632345126779.66,-6632345126779.66,-5082998371023.945,-5082998371023.945,-5082998371023.945,-6724526274019.953,-6724526274019.953,-6724526274019.953
122,RWA,212469637908.72394,250928322847.49948,165922507326.6057,243701870482.38324,-46547130582.118225,-46547130582.118225,-46547130582.118225,-85005815520.89377,-85005815520.89377,-85005815520.89377,31232232573.6593,31232232573.6593,31232232573.6593,-7226452365.116241,-7226452365.116241,-7226452365.116241
123,SAU,978344894516.0486,1080870888040.631,473203202413.8453,623843394672.4407,-505141692102.2033,-505141692102.2033,-505141692102.2033,-607667685626.7856,-607667685626.7856,-607667685626.7856,-354501499843.6079,-354501499843.6079,-354501499843.6079,-457027493368.1903,-457027493368.1903,-457027493368.1903
124,SEN,472791184702.3911,530317686286.9199,209389654138.30063,327788963260.11676,-263401530564.09048,-263401530564.09048,-263401530564.09048,-320928032148.61926,-320928032148.61926,-320928032148.61926,-145002221442.27435,-145002221442.27435,-145002221442.27435,-202528723026.80316,-202528723026.80316,-202528723026.80316
125,SGP,159517771763.45377,171054540932.9811,88047841269.83253,102322900778.05544,-71469930493.62123,-71469930493.62123,-71469930493.62123,-83006699663.14857,-83006699663.14857,-83006699663.14857,-57194870985.39833,-57194870985.39833,-57194870985.39833,-68731640154.92567,-68731640154.92567,-68731640154.92567
126,SLB,21461713678.93477,25314777946.02375,9731111808.781584,13628801564.14378,-11730601870.153185,-11730601870.153185,-11730601870.153185,-15583666137.242167,-15583666137.242167,-15583666137.242167,-7832912114.790989,-7832912114.790989,-7832912114.790989,-11685976381.87997,-11685976381.87997,-11685976381.87997
127,SLE,153384490066.21173,182075380692.25894,102692897380.90778,145811642551.62308,-50691592685.303955,-50691592685.303955,-50691592685.303955,-79382483311.35117,-79382483311.35117,-79382483311.35117,-7572847514.588654,-7572847514.588654,-7572847514.588654,-36263738140.635864,-36263738140.635864,-36263738140.635864
128,SLV,151297382303.9151,169668581355.12668,107072601887.2606,118702551037.85855,-44224780416.654495,-44224780416.654495,-44224780416.654495,-62595979467.86607,-62595979467.86607,-62595979467.86607,-32594831266.05655,-32594831266.05655,-32594831266.05655,-50966030317.26813,-50966030317.26813,-50966030317.26813
129,STP,3243708403.893731,3919520986.6086397,2746334049.6009526,3976014161.0003366,-497374354.2927785,-497374354.2927785,-497374354.2927785,-1173186937.007687,-1173186937.007687,-1173186937.007687,732305757.1066055,732305757.1066055,732305757.1066055,56493174.39169693,56493174.39169693,56493174.39169693
130,SUR,20507926617.694054,23956300746.310497,9486375676.906584,10899818696.304712,-11021550940.78747,-11021550940.78747,-11021550940.78747,-14469925069.403913,-14469925069.403913,-14469925069.403913,-9608107921.389341,-9608107921.389341,-9608107921.389341,-13056482050.005785,-13056482050.005785,-13056482050.005785
131,SVK,235200132365.22018,297155590956.4895,103807901661.3296,102564583070.52788,-131392230703.89058,-131392230703.89058,-131392230703.89058,-193347689295.1599,-193347689295.1599,-193347689295.1599,-132635549294.6923,-132635549294.6923,-132635549294.6923,-194591007885.9616,-194591007885.9616,-194591007885.9616
132,SVN,70109692324.24263,84624789198.23035,38954764136.49365,38335362988.70881,-31154928187.748978,-31154928187.748978,-31154928187.748978,-45670025061.736694,-45670025061.736694,-45670025061.736694,-31774329335.53382,-31774329335.53382,-31774329335.53382,-46289426209.52154,-46289426209.52154,-46289426209.52154
133,SWE,379913142628.16266,463064828451.2382,178959280568.3721,196664793983.64728,-200953862059.79056,-200953862059.79056,-200953862059.79056,-284105547882.8661,-284105547882.8661,-284105547882.8661,-183248348644.51538,-183248348644.51538,-183248348644.51538,-266400034467.59094,-266400034467.59094,-266400034467.59094
134,SWZ,11331727772.453653,13269940104.097023,19364994214.517788,25642490260.93689,8033266442.064135,8033266442.064135,8033266442.064135,6095054110.420765,6095054110.420765,6095054110.420765,14310762488.483236,14310762488.483236,14310762488.483236,12372550156.839867,12372550156.839867,12372550156.839867
135,SYC,14617644817.831692,17636211670.594402,1504730450.8181903,1597218849.0960445,-13112914367.013502,-13112914367.013502,-13112914367.013502,-16131481219.776213,-16131481219.776213,-16131481219.776213,-13020425968.735647,-13020425968.735647,-13020425968.735647,-16038992821.498358,-16038992821.498358,-16038992821.498358
136,SYR,645961444457.8579,751694428422.6311,281310957743.5541,402749535040.5153,-364650486714.30383,-364650486714.30383,-364650486714.30383,-470383470679.077,-470383470679.077,-470383470679.077,-243211909417.3426,-243211909417.3426,-243211909417.3426,-348944893382.1158,-348944893382.1158,-348944893382.1158
137,TGO,155484686053.9284,178283972468.5019,105156810305.83029,157245383825.84055,-50327875748.098114,-50327875748.098114,-50327875748.098114,-73127162162.6716,-73127162162.6716,-73127162162.6716,1760697771.91214,1760697771.91214,1760697771.91214,-21038588642.661346,-21038588642.661346,-21038588642.661346
138,THA,1837368797302.24,2195331226585.1243,1092090846491.7343,1117185503110.7427,-745277950810.5057,-745277950810.5057,-745277950810.5057,-1103240380093.3901,-1103240380093.3901,-1103240380093.3901,-720183294191.4973,-720183294191.4973,-720183294191.4973,-1078145723474.3816,-1078145723474.3816,-1078145723474.3816
139,TON,3336967456.8336973,3841701603.993982,1815613745.391947,2148799737.5662947,-1521353711.4417503,-1521353711.4417503,-1521353711.4417503,-2026087858.6020348,-2026087858.6020348,-2026087858.6020348,-1188167719.2674026,-1188167719.2674026,-1188167719.2674026,-1692901866.4276872,-1692901866.4276872,-1692901866.4276872
140,TTO,43641287835.49587,47533577220.36833,24359374692.328533,25141983022.23017,-19281913143.16734,-19281913143.16734,-19281913143.16734,-23174202528.0398,-23174202528.0398,-23174202528.0398,-18499304813.2657,-18499304813.2657,-18499304813.2657,-22391594198.13816,-22391594198.13816,-22391594198.13816
141,TUN,460641269492.82275,526442663088.59064,178870082390.0402,208653452935.09332,-281771187102.7826,-281771187102.7826,-281771187102.7826,-347572580698.5504,-347572580698.5504,-347572580698.5504,-251987816557.72943,-251987816557.72943,-251987816557.72943,-317789210153.4973,-317789210153.4973,-317789210153.4973
142,TUR,4139703113186.8887,4869885483364.204,1187783077220.1116,1389287962415.3823,-2951920035966.7773,-2951920035966.7773,-2951920035966.7773,-3682102406144.093,-3682102406144.093,-3682102406144.093,-2750415150771.5063,-2750415150771.5063,-2750415150771.5063,-3480597520948.822,-3480597520948.822,-3480597520948.822
143,TZA,1765251429031.255,2056762571120.347,740818336464.6907,1215050100556.1868,-1024433092566.5642,-1024433092566.5642,-1024433092566.5642,-1315944234655.6562,-1315944234655.6562,-1315944234655.6562,-550201328475.0681,-550201328475.0681,-550201328475.0681,-841712470564.1602,-841712470564.1602,-841712470564.1602
144,UGA,720689913802.3258,842584361316.9237,538995872116.1709,912187952862.5057,-181694041686.1549,-181694041686.1549,-181694041686.1549,-303588489200.7528,-303588489200.7528,-303588489200.7528,191498039060.17993,191498039060.17993,191498039060.17993,69603591545.58203,69603591545.58203,69603591545.58203
145,UKR,3060729699983.208,3757096853411.637,855000617129.8442,781320042554.6616,-2205729082853.364,-2205729082853.364,-2205729082853.364,-2902096236281.793,-2902096236281.793,-2902096236281.793,-2279409657428.5464,-2279409657428.5464,-2279409657428.5464,-2975776810856.9756,-2975776810856.9756,-2975776810856.9756
146,URY,273822453054.55774,346669237757.27185,59509445316.14828,63006251701.435425,-214313007738.40945,-214313007738.40945,-214313007738.40945,-287159792441.1236,-287159792441.1236,-287159792441.1236,-210816201353.1223,-210816201353.1223,-210816201353.1223,-283662986055.8364,-283662986055.8364,-283662986055.8364
147,USA,22069461906622.664,27419426352316.023,6560549386556.06,7303485117106.711,-15508912520066.605,-15508912520066.605,-15508912520066.605,-20858876965759.965,-20858876965759.965,-20858876965759.965,-14765976789515.953,-14765976789515.953,-14765976789515.953,-20115941235209.312,-20115941235209.312,-20115941235209.312
148,VCT,12564324544.251598,14358341750.306982,1917232135.4245536,2007501239.418854,-10647092408.827045,-10647092408.827045,-10647092408.827045,-12441109614.88243,-12441109614.88243,-12441109614.88243,-10556823304.832745,-10556823304.832745,-10556823304.832745,-12350840510.888128,-12350840510.888128,-12350840510.888128
149,VEN,840998410568.7571,931436053905.9233,527574531505.0597,646886776345.6631,-313423879063.6974,-313423879063.6974,-313423879063.6974,-403861522400.86365,-403861522400.86365,-403861522400.86365,-194111634223.094,-194111634223.094,-194111634223.094,-284549277560.26025,-284549277560.26025,-284549277560.26025
150,VUT,19702570684.46505,23110386697.594208,4473539258.818413,6347799927.160055,-15229031425.646637,-15229031425.646637,-15229031425.646637,-18636847438.775795,-18636847438.775795,-18636847438.775795,-13354770757.304995,-13354770757.304995,-13354770757.304995,-16762586770.434153,-16762586770.434153,-16762586770.434153
151,YEM,565982806770.1152,631098026290.6714,374439561947.6344,543826604290.7026,-191543244822.48083,-191543244822.48083,-191543244822.48083,-256658464343.037,-256658464343.037,-256658464343.037,-22156202479.41266,-22156202479.41266,-22156202479.41266,-87271421999.96881,-87271421999.96881,-87271421999.96881
152,ZAF,1282267672102.374,1485381480057.386,857006911126.9641,1033409917051.7091,-425260760975.4099,-425260760975.4099,-425260760975.4099,-628374568930.4219,-628374568930.4219,-628374568930.4219,-248857755050.66492,-248857755050.66492,-248857755050.66492,-451971563005.6769,-451971563005.6769,-451971563005.6769
153,ZMB,265227682989.77402,305006606133.6774,221896951116.2889,360440280731.5864,-43330731873.48511,-43330731873.48511,-43330731873.48511,-83109655017.38852,-83109655017.38852,-83109655017.38852,95212597741.81241,95212597741.81241,95212597741.81241,55433674597.909,55433674597.909,55433674597.909
154,ZWE,166854099379.07025,188209826208.5968,223531979966.83206,324933728192.5634,56677880587.76181,56677880587.76181,56677880587.76181,35322153758.23526,35322153758.23526,35322153758.23526,158079628813.49316,158079628813.49316,158079628813.49316,136723901983.96661,136723901983.96661,136723901983.96661
