,ISO3,Supply-BaU2,Supply-HalfW2,Vitamin B12 (ug/day),VB122030,BaU_needed,BaU_needed_low,BaU_needed_high,HalfW_needed,HalfW_needed_low,HalfW_needed_high,BaU_needed2030,BaU_needed2030_low,BaU_needed2030_high,HalfW_needed2030,HalfW_needed2030_low,HalfW_needed2030_high
0,AFG,29088176678.884068,32592021488.784687,24295450831.94818,35738526531.063675,-4792725846.935886,-4792725846.935886,-4792725846.935886,-8296570656.836506,-8296570656.836506,-8296570656.836506,6650349852.179607,6650349852.179607,6650349852.179607,3146505042.278988,3146505042.278988,3146505042.278988
1,ALB,9877712758.781673,10946519238.534618,2381068496.7038617,2375542692.0995865,-7496644262.077812,-7496644262.077812,-7496644262.077812,-8565450741.830757,-8565450741.830757,-8565450741.830757,-7502170066.682087,-7502170066.682087,-7502170066.682087,-8570976546.435032,-8570976546.435032,-8570976546.435032
2,ARE,3550158716.838125,4093932497.685999,7563018064.963858,9285793224.463465,4012859348.1257324,4012859348.1257324,4012859348.1257324,3469085567.2778587,3469085567.2778587,3469085567.2778587,5735634507.6253395,5735634507.6253395,5735634507.6253395,5191860726.777466,5191860726.777466,5191860726.777466
3,ARG,117558071101.72946,134772091590.94719,33795069231.108955,39028449659.33691,-83763001870.62051,-83763001870.62051,-83763001870.62051,-100977022359.83823,-100977022359.83823,-100977022359.83823,-78529621442.39255,-78529621442.39255,-78529621442.39255,-95743641931.61029,-95743641931.61029,-95743641931.61029
4,ARM,5386053426.918028,6116752903.495137,2327603742.580715,2337823593.6516523,-3058449684.3373127,-3058449684.3373127,-3058449684.3373127,-3789149160.914422,-3789149160.914422,-3789149160.914422,-3048229833.2663755,-3048229833.2663755,-3048229833.2663755,-3778929309.843485,-3778929309.843485,-3778929309.843485
5,ATG,60820126.82015347,69817688.03813067,78864776.89523809,91826538.09605971,18044650.07508462,18044650.07508462,18044650.07508462,9047088.857107416,9047088.857107416,9047088.857107416,31006411.275906242,31006411.275906242,31006411.275906242,22008850.05792904,22008850.05792904,22008850.05792904
6,AUS,91308883439.17726,114503203262.48247,18690806689.15614,22355604367.085667,-72618076750.02112,-72618076750.02112,-72618076750.02112,-95812396573.32632,-95812396573.32632,-95812396573.32632,-68953279072.0916,-68953279072.0916,-68953279072.0916,-92147598895.3968,-92147598895.3968,-92147598895.3968
7,AUT,17021179192.200695,19547410410.235085,6919249994.389764,7085049381.276812,-10101929197.810932,-10101929197.810932,-10101929197.810932,-12628160415.845322,-12628160415.845322,-12628160415.845322,-9936129810.923883,-9936129810.923883,-9936129810.923883,-12462361028.958273,-12462361028.958273,-12462361028.958273
8,AZE,15478461163.307775,17482309449.48672,7598282414.145298,8639006830.426134,-7880178749.1624775,-7880178749.1624775,-7880178749.1624775,-9884027035.341423,-9884027035.341423,-9884027035.341423,-6839454332.881641,-6839454332.881641,-6839454332.881641,-8843302619.060587,-8843302619.060587,-8843302619.060587
9,BDI,975864194.447443,1153553591.7006345,7224234916.1504755,11728121558.640934,6248370721.7030325,6248370721.7030325,6248370721.7030325,6070681324.449841,6070681324.449841,6070681324.449841,10752257364.193491,10752257364.193491,10752257364.193491,10574567966.9403,10574567966.9403,10574567966.9403
10,BEN,4396135448.182967,4988484074.256813,7620274651.522954,11745029843.012833,3224139203.339987,3224139203.339987,3224139203.339987,2631790577.266141,2631790577.266141,2631790577.266141,7348894394.829865,7348894394.829865,7348894394.829865,6756545768.75602,6756545768.75602,6756545768.75602
11,BFA,11721810182.31336,13581440018.259483,12894734880.418375,20433673470.84903,1172924698.1050148,1172924698.1050148,1172924698.1050148,-686705137.8411083,-686705137.8411083,-686705137.8411083,8711863288.53567,8711863288.53567,8711863288.53567,6852233452.589546,6852233452.589546,6852233452.589546
12,BGD,57309744032.916595,68146432936.268005,125722008706.24632,148932059444.8738,68412264673.32973,68412264673.32973,68412264673.32973,57575575769.97832,57575575769.97832,57575575769.97832,91622315411.95721,91622315411.95721,91622315411.95721,80785626508.6058,80785626508.6058,80785626508.6058
13,BGR,13610569352.83826,15108367362.453316,5842583454.509205,5188180267.2478895,-7767985898.329056,-7767985898.329056,-7767985898.329056,-9265783907.94411,-9265783907.94411,-9265783907.94411,-8422389085.590371,-8422389085.590371,-8422389085.590371,-9920187095.205425,-9920187095.205425,-9920187095.205425
14,BHR,2895137137.45617,3319359662.830566,1089229216.0609906,1661021604.1097078,-1805907921.3951795,-1805907921.3951795,-1805907921.3951795,-2230130446.769575,-2230130446.769575,-2230130446.769575,-1234115533.3464622,-1234115533.3464622,-1234115533.3464622,-1658338058.720858,-1658338058.720858,-1658338058.720858
15,BHS,653203971.3775792,717527667.1884565,308898084.933238,356715925.90541255,-344305886.4443412,-344305886.4443412,-344305886.4443412,-408629582.2552185,-408629582.2552185,-408629582.2552185,-296488045.47216666,-296488045.47216666,-296488045.47216666,-360811741.283044,-360811741.283044,-360811741.283044
16,BIH,3723088523.377843,4058001796.650302,2912550282.5913825,2744867038.512949,-810538240.7864604,-810538240.7864604,-810538240.7864604,-1145451514.0589194,-1145451514.0589194,-1145451514.0589194,-978221484.8648939,-978221484.8648939,-978221484.8648939,-1313134758.137353,-1313134758.137353,-1313134758.137353
17,BLR,28252994730.465168,31534965691.714394,7639360882.914069,7345618320.840242,-20613633847.551098,-20613633847.551098,-20613633847.551098,-23895604808.800323,-23895604808.800323,-23895604808.800323,-20907376409.624924,-20907376409.624924,-20907376409.624924,-24189347370.874153,-24189347370.874153,-24189347370.874153
18,BLZ,3337988350.6281543,3919647654.2981696,274347471.6828,374329726.9447132,-3063640878.9453545,-3063640878.9453545,-3063640878.9453545,-3645300182.61537,-3645300182.61537,-3645300182.61537,-2963658623.683441,-2963658623.683441,-2963658623.683441,-3545317927.3534565,-3545317927.3534565,-3545317927.3534565
19,BOL,11484704510.565155,12944227631.836708,8163644677.083429,10293568459.801422,-3321059833.4817257,-3321059833.4817257,-3321059833.4817257,-4780582954.753279,-4780582954.753279,-4780582954.753279,-1191136050.763733,-1191136050.763733,-1191136050.763733,-2650659172.035286,-2650659172.035286,-2650659172.035286
20,BRA,334544726026.6249,383162378936.13116,164613356086.111,183027975796.7076,-169931369940.5139,-169931369940.5139,-169931369940.5139,-218549022850.02017,-218549022850.02017,-218549022850.02017,-151516750229.91727,-151516750229.91727,-151516750229.91727,-200134403139.42355,-200134403139.42355,-200134403139.42355
21,BRB,459422534.4587836,507463531.10176176,227352190.5321333,230818645.47634685,-232070343.92665032,-232070343.92665032,-232070343.92665032,-280111340.5696285,-280111340.5696285,-280111340.5696285,-228603888.98243678,-228603888.98243678,-228603888.98243678,-276644885.6254149,-276644885.6254149,-276644885.6254149
22,BRN,596159648.3386624,656578614.8825524,332215202.4561943,399979796.1127484,-263944445.8824681,-263944445.8824681,-263944445.8824681,-324363412.4263581,-324363412.4263581,-324363412.4263581,-196179852.225914,-196179852.225914,-196179852.225914,-256598818.769804,-256598818.769804,-256598818.769804
23,BTN,954580366.2664099,1073372679.0821059,615868457.8055428,736619703.8646473,-338711908.46086705,-338711908.46086705,-338711908.46086705,-457504221.27656305,-457504221.27656305,-457504221.27656305,-217960662.4017626,-217960662.4017626,-217960662.4017626,-336752975.2174586,-336752975.2174586,-336752975.2174586
24,BWA,3192180294.771707,3766459683.6839676,1690809877.3519561,2226470300.9393673,-1501370417.419751,-1501370417.419751,-1501370417.419751,-2075649806.3320115,-2075649806.3320115,-2075649806.3320115,-965709993.8323398,-965709993.8323398,-965709993.8323398,-1539989382.7446003,-1539989382.7446003,-1539989382.7446003
25,CAF,4066647942.5528054,4768752235.551135,3356594172.7977047,4593463565.802058,-710053769.7551007,-710053769.7551007,-710053769.7551007,-1412158062.7534304,-1412158062.7534304,-1412158062.7534304,526815623.2492528,526815623.2492528,526815623.2492528,-175288669.74907684,-175288669.74907684,-175288669.74907684
26,CAN,86167993390.02315,102184888239.02902,28606856497.45031,32256432067.719177,-57561136892.57284,-57561136892.57284,-57561136892.57284,-73578031741.5787,-73578031741.5787,-73578031741.5787,-53911561322.30397,-53911561322.30397,-53911561322.30397,-69928456171.30984,-69928456171.30984,-69928456171.30984
27,CHE,23328257284.695866,25348178249.1707,6580094109.170925,7280243384.299452,-16748163175.52494,-16748163175.52494,-16748163175.52494,-18768084139.999775,-18768084139.999775,-18768084139.999775,-16048013900.396414,-16048013900.396414,-16048013900.396414,-18067934864.871246,-18067934864.871246,-18067934864.871246
28,CHL,84406220245.54288,99348832236.55022,14149752364.49343,15787968278.789942,-70256467881.04945,-70256467881.04945,-70256467881.04945,-85199079872.0568,-85199079872.0568,-85199079872.0568,-68618251966.75294,-68618251966.75294,-68618251966.75294,-83560863957.76027,-83560863957.76027,-83560863957.76027
29,CIV,17159630833.181025,19523640445.410423,16767277446.45638,25001811856.299427,-392353386.7246437,-392353386.7246437,-392353386.7246437,-2756362998.9540424,-2756362998.9540424,-2756362998.9540424,7842181023.1184025,7842181023.1184025,7842181023.1184025,5478171410.889004,5478171410.889004,5478171410.889004
30,CMR,16991831491.162083,20106671587.85395,16465077951.682785,24862212190.051647,-526753539.47929764,-526753539.47929764,-526753539.47929764,-3641593636.1711655,-3641593636.1711655,-3641593636.1711655,7870380698.8895645,7870380698.8895645,7870380698.8895645,4755540602.197697,4755540602.197697,4755540602.197697
31,COD,8261670324.079141,9849352723.329906,53596939546.99469,88960973755.37003,45335269222.91555,45335269222.91555,45335269222.91555,43747586823.66478,43747586823.66478,43747586823.66478,80699303431.29088,80699303431.29088,80699303431.29088,79111621032.04012,79111621032.04012,79111621032.04012
32,COG,4773013010.103226,5564430547.709807,3610023860.9019046,5520042213.923705,-1162989149.2013211,-1162989149.2013211,-1162989149.2013211,-1954406686.8079028,-1954406686.8079028,-1954406686.8079028,747029203.8204794,747029203.8204794,747029203.8204794,-44388333.786102295,-44388333.786102295,-44388333.786102295
33,COL,52894371794.31264,59683383380.05443,38332839948.99819,43063805790.40014,-14561531845.314445,-14561531845.314445,-14561531845.314445,-21350543431.056236,-21350543431.056236,-21350543431.056236,-9830566003.912498,-9830566003.912498,-9830566003.912498,-16619577589.65429,-16619577589.65429,-16619577589.65429
34,COM,824460890.2317333,991109959.062994,570647613.0014495,812623340.9318665,-253813277.23028386,-253813277.23028386,-253813277.23028386,-420462346.06154454,-420462346.06154454,-420462346.06154454,-11837549.299866796,-11837549.299866796,-11837549.299866796,-178486618.13112748,-178486618.13112748,-178486618.13112748
35,CPR,2939899537951.3936,3406508267899.8037,1136788415037.989,1186304960066.9346,-1803111122913.4045,-1803111122913.4045,-1803111122913.4045,-2269719852861.8145,-2269719852861.8145,-2269719852861.8145,-1753594577884.459,-1753594577884.459,-1753594577884.459,-2220203307832.869,-2220203307832.869,-2220203307832.869
36,CPV,-312613901.09007204,-147575321.3608551,410102642.522621,501747737.9574654,722716543.6126931,722716543.6126931,722716543.6126931,557677963.883476,557677963.883476,557677963.883476,814361639.0475374,814361639.0475374,814361639.0475374,649323059.3183205,649323059.3183205,649323059.3183205
37,CRI,5777593240.831854,6671477397.737976,3820242204.7754803,4373521009.568038,-1957351036.0563736,-1957351036.0563736,-1957351036.0563736,-2851235192.962496,-2851235192.962496,-2851235192.962496,-1404072231.2638159,-1404072231.2638159,-1404072231.2638159,-2297956388.169938,-2297956388.169938,-2297956388.169938
38,CUB,7987104327.475341,9036124778.28901,9244278204.53336,9194938924.898298,1257173877.0580187,1257173877.0580187,1257173877.0580187,208153426.24435043,208153426.24435043,208153426.24435043,1207834597.4229574,1207834597.4229574,1207834597.4229574,158814146.60928917,158814146.60928917,158814146.60928917
39,CYP,2087143415.1893027,2361409007.6112833,935302624.323619,1040558382.9690295,-1151840790.8656836,-1151840790.8656836,-1151840790.8656836,-1426106383.2876644,-1426106383.2876644,-1426106383.2876644,-1046585032.2202731,-1046585032.2202731,-1046585032.2202731,-1320850624.6422539,-1320850624.6422539,-1320850624.6422539
40,CZE,18806724351.128193,21085101387.477016,8568025090.277776,8507473158.368681,-10238699260.850418,-10238699260.850418,-10238699260.850418,-12517076297.199242,-12517076297.199242,-12517076297.199242,-10299251192.759512,-10299251192.759512,-10299251192.759512,-12577628229.108335,-12577628229.108335,-12577628229.108335
41,DEU,160155801060.43787,182786988622.14224,65279486045.98276,64906180908.52996,-94876315014.45511,-94876315014.45511,-94876315014.45511,-117507502576.15948,-117507502576.15948,-117507502576.15948,-95249620151.9079,-95249620151.9079,-95249620151.9079,-117880807713.61227,-117880807713.61227,-117880807713.61227
42,DJI,612859085.107383,724778747.2036496,713723276.5868433,900796542.1210588,100864191.47946024,100864191.47946024,100864191.47946024,-11055470.616806388,-11055470.616806388,-11055470.616806388,287937457.0136758,287937457.0136758,287937457.0136758,176017794.91740918,176017794.91740918,176017794.91740918
43,DNK,44126708211.31961,53160482791.07619,4556547443.206968,4813420832.320793,-39570160768.11264,-39570160768.11264,-39570160768.11264,-48603935347.86922,-48603935347.86922,-48603935347.86922,-39313287378.99882,-39313287378.99882,-39313287378.99882,-48347061958.755394,-48347061958.755394,-48347061958.755394
44,DZA,64429925246.9702,72537220665.92145,30416411585.11518,38877117067.53299,-34013513661.85502,-34013513661.85502,-34013513661.85502,-42120809080.80627,-42120809080.80627,-42120809080.80627,-25552808179.43721,-25552808179.43721,-25552808179.43721,-33660103598.38846,-33660103598.38846,-33660103598.38846
45,ECU,21198775577.847855,25207562341.729572,12455603771.444267,15490949554.974476,-8743171806.403587,-8743171806.403587,-8743171806.403587,-12751958570.285305,-12751958570.285305,-12751958570.285305,-5707826022.873379,-5707826022.873379,-5707826022.873379,-9716612786.755096,-9716612786.755096,-9716612786.755096
46,EGY,91406171749.54294,102857659882.49312,70716842434.52634,94121885594.24162,-20689329315.0166,-20689329315.0166,-20689329315.0166,-32140817447.96678,-32140817447.96678,-32140817447.96678,2715713844.6986847,2715713844.6986847,2715713844.6986847,-8735774288.251495,-8735774288.251495,-8735774288.251495
47,ESP,131739813547.06168,152640073695.67026,36847703505.65844,36159210247.6449,-94892110041.40323,-94892110041.40323,-94892110041.40323,-115792370190.01181,-115792370190.01181,-115792370190.01181,-95580603299.41678,-95580603299.41678,-95580603299.41678,-116480863448.02536,-116480863448.02536,-116480863448.02536
48,EST,2330942854.1998587,3595604548.7291074,1049405806.6209867,994519745.9489435,-1281537047.578872,-1281537047.578872,-1281537047.578872,-2546198742.108121,-2546198742.108121,-2546198742.108121,-1336423108.250915,-1336423108.250915,-1336423108.250915,-2601084802.780164,-2601084802.780164,-2601084802.780164
49,ETH,40157026951.58437,47271454688.43462,73026938123.03894,106924756234.77861,32869911171.454567,32869911171.454567,32869911171.454567,25755483434.604317,25755483434.604317,25755483434.604317,66767729283.19424,66767729283.19424,66767729283.19424,59653301546.34399,59653301546.34399,59653301546.34399
50,FIN,19268034240.406364,22079693472.424393,4356875091.797409,4538890444.868947,-14911159148.608955,-14911159148.608955,-14911159148.608955,-17722818380.626984,-17722818380.626984,-17722818380.626984,-14729143795.537418,-14729143795.537418,-14729143795.537418,-17540803027.555447,-17540803027.555447,-17540803027.555447
51,FJI,955735288.7388762,1115624809.2787087,701184429.9632399,780131510.435506,-254550858.77563632,-254550858.77563632,-254550858.77563632,-414440379.3154688,-414440379.3154688,-414440379.3154688,-175603778.30337024,-175603778.30337024,-175603778.30337024,-335493298.8432027,-335493298.8432027,-335493298.8432027
52,FRA,189472562426.7525,212560271873.9455,50318992308.08858,52657126134.694916,-139153570118.66394,-139153570118.66394,-139153570118.66394,-162241279565.85693,-162241279565.85693,-162241279565.85693,-136815436292.05759,-136815436292.05759,-136815436292.05759,-159903145739.25058,-159903145739.25058,-159903145739.25058
53,GAB,2274887009.7285533,2711800057.625838,1422943903.3183808,2007048485.2512646,-851943106.4101725,-851943106.4101725,-851943106.4101725,-1288856154.307457,-1288856154.307457,-1288856154.307457,-267838524.47728872,-267838524.47728872,-267838524.47728872,-704751572.3745732,-704751572.3745732,-704751572.3745732
54,GBR,157036892333.87973,177238154885.31848,51461225307.08173,55620619857.18441,-105575667026.798,-105575667026.798,-105575667026.798,-125776929578.23676,-125776929578.23676,-125776929578.23676,-101416272476.69531,-101416272476.69531,-101416272476.69531,-121617535028.13406,-121617535028.13406,-121617535028.13406
55,GEO,6190521078.645322,6957880445.946223,3194059503.0936866,3003954334.275995,-2996461575.5516353,-2996461575.5516353,-2996461575.5516353,-3763820942.8525367,-3763820942.8525367,-3763820942.8525367,-3186566744.369327,-3186566744.369327,-3186566744.369327,-3953926111.6702285,-3953926111.6702285,-3953926111.6702285
56,GHA,23470575951.354248,27091005524.069614,20364256017.81983,28719007577.34862,-3106319933.534416,-3106319933.534416,-3106319933.534416,-6726749506.249783,-6726749506.249783,-6726749506.249783,5248431625.994373,5248431625.994373,5248431625.994373,1628002053.279007,1628002053.279007,1628002053.279007
57,GIN,9993060453.071821,12032650932.438036,8785388840.420864,13299366913.102825,-1207671612.650957,-1207671612.650957,-1207671612.650957,-3247262092.017172,-3247262092.017172,-3247262092.017172,3306306460.031004,3306306460.031004,3306306460.031004,1266715980.6647892,1266715980.6647892,1266715980.6647892
58,GMB,3037967735.2404203,3602939356.202474,1402682519.6071427,2239161940.1016293,-1635285215.6332777,-1635285215.6332777,-1635285215.6332777,-2200256836.595331,-2200256836.595331,-2200256836.595331,-798805795.1387911,-798805795.1387911,-798805795.1387911,-1363777416.1008449,-1363777416.1008449,-1363777416.1008449
59,GRC,29119343687.590366,32566787823.006287,8945329941.767408,8507280666.459527,-20174013745.82296,-20174013745.82296,-20174013745.82296,-23621457881.238876,-23621457881.238876,-23621457881.238876,-20612063021.13084,-20612063021.13084,-20612063021.13084,-24059507156.54676,-24059507156.54676,-24059507156.54676
60,GRD,138102614.75614357,154566581.1842265,83636398.0765756,89254078.97878242,-54466216.67956796,-54466216.67956796,-54466216.67956796,-70930183.1076509,-70930183.1076509,-70930183.1076509,-48848535.777361155,-48848535.777361155,-48848535.777361155,-65312502.2054441,-65312502.2054441,-65312502.2054441
61,GTM,7573796396.159953,8471352144.490126,12195737854.86195,16537641480.312466,4621941458.701997,4621941458.701997,4621941458.701997,3724385710.3718243,3724385710.3718243,3724385710.3718243,8963845084.152512,8963845084.152512,8963845084.152512,8066289335.82234,8066289335.82234,8066289335.82234
62,GUY,1088628436.3443875,1238543396.0875423,604285935.9163696,660379359.8215336,-484342500.428018,-484342500.428018,-484342500.428018,-634257460.1711727,-634257460.1711727,-634257460.1711727,-428249076.522854,-428249076.522854,-428249076.522854,-578164036.2660087,-578164036.2660087,-578164036.2660087
63,HND,5220166154.596657,5967592502.203288,6845702221.12636,8817672622.7918,1625536066.5297031,1625536066.5297031,1625536066.5297031,878109718.9230719,878109718.9230719,878109718.9230719,3597506468.1951427,3597506468.1951427,3597506468.1951427,2850080120.5885115,2850080120.5885115,2850080120.5885115
64,HRV,12655931133.88027,14497617009.982588,3421376293.296652,3110878825.2285333,-9234554840.583618,-9234554840.583618,-9234554840.583618,-11076240716.685936,-11076240716.685936,-11076240716.685936,-9545052308.651737,-9545052308.651737,-9545052308.651737,-11386738184.754055,-11386738184.754055,-11386738184.754055
65,HUN,11233958896.496298,13039364131.713486,7964214114.8328495,7463717766.541188,-3269744781.6634483,-3269744781.6634483,-3269744781.6634483,-5075150016.880636,-5075150016.880636,-5075150016.880636,-3770241129.9551096,-3770241129.9551096,-3770241129.9551096,-5575646365.1722975,-5575646365.1722975,-5575646365.1722975
66,IDN,231459521831.9451,278455415473.8627,202508826309.10175,238319590821.32187,-28950695522.843353,-28950695522.843353,-28950695522.843353,-75946589164.76093,-75946589164.76093,-75946589164.76093,6860068989.37677,6860068989.37677,6860068989.37677,-40135824652.5408,-40135824652.5408,-40135824652.5408
67,IND,586709085049.5127,676748496408.9263,1024295757437.1558,1214919010652.879,437586672387.64307,437586672387.64307,437586672387.64307,347547261028.2295,347547261028.2295,347547261028.2295,628209925603.3662,628209925603.3662,628209925603.3662,538170514243.95264,538170514243.95264,538170514243.95264
68,IRL,29190312625.31853,34862571378.33191,3729352830.7331414,4189583544.6984305,-25460959794.58539,-25460959794.58539,-25460959794.58539,-31133218547.598766,-31133218547.598766,-31133218547.598766,-25000729080.620102,-25000729080.620102,-25000729080.620102,-30672987833.63348,-30672987833.63348,-30672987833.63348
69,IRN,109680194565.85684,124640602864.84283,62697847339.02077,72715062757.09517,-46982347226.836075,-46982347226.836075,-46982347226.836075,-61942755525.82207,-61942755525.82207,-61942755525.82207,-36965131808.76167,-36965131808.76167,-36965131808.76167,-51925540107.747665,-51925540107.747665,-51925540107.747665
70,ISL,35571630300.998886,43873215880.2615,260678012.54052532,289029511.0375682,-35310952288.45836,-35310952288.45836,-35310952288.45836,-43612537867.72097,-43612537867.72097,-43612537867.72097,-35282600789.96132,-35282600789.96132,-35282600789.96132,-43584186369.22393,-43584186369.22393,-43584186369.22393
71,ISR,14435256572.290058,16166989676.597271,6139055123.215847,7778710135.672729,-8296201449.074211,-8296201449.074211,-8296201449.074211,-10027934553.381424,-10027934553.381424,-10027934553.381424,-6656546436.61733,-6656546436.61733,-6656546436.61733,-8388279540.924542,-8388279540.924542,-8388279540.924542
72,ITA,139020049659.86044,153872695791.69458,47198912626.547005,45448951121.10592,-91821137033.31345,-91821137033.31345,-91821137033.31345,-106673783165.14758,-106673783165.14758,-106673783165.14758,-93571098538.75452,-93571098538.75452,-93571098538.75452,-108423744670.58865,-108423744670.58865,-108423744670.58865
73,JAM,2703001005.0168567,2952022648.775111,2279985780.213255,2329567285.8403873,-423015224.80360174,-423015224.80360174,-423015224.80360174,-672036868.5618563,-672036868.5618563,-672036868.5618563,-373433719.1764693,-373433719.1764693,-373433719.1764693,-622455362.9347239,-622455362.9347239,-622455362.9347239
74,JOR,9352006421.319077,10416748535.154385,6723729103.217702,8735866458.350286,-2628277318.1013746,-2628277318.1013746,-2628277318.1013746,-3693019431.9366827,-3693019431.9366827,-3693019431.9366827,-616139962.96879,-616139962.96879,-616139962.96879,-1680882076.8040981,-1680882076.8040981,-1680882076.8040981
75,JPN,223659732812.79462,255126815712.64862,101142669783.64633,94840975180.85452,-122517063029.14828,-122517063029.14828,-122517063029.14828,-153984145929.0023,-153984145929.0023,-153984145929.0023,-128818757631.9401,-128818757631.9401,-128818757631.9401,-160285840531.7941,-160285840531.7941,-160285840531.7941
76,KAZ,49152090941.80703,55358546433.58845,13693949808.622522,16234401008.187763,-35458141133.18451,-35458141133.18451,-35458141133.18451,-41664596624.96593,-41664596624.96593,-41664596624.96593,-32917689933.619267,-32917689933.619267,-32917689933.619267,-39124145425.40068,-39124145425.40068,-39124145425.40068
77,KEN,32686086462.998848,38389761771.47883,34473618689.393845,51288999911.27761,1787532226.3949966,1787532226.3949966,1787532226.3949966,-3916143082.084984,-3916143082.084984,-3916143082.084984,18602913448.278763,18602913448.278763,18602913448.278763,12899238139.798782,12899238139.798782,12899238139.798782
78,KGZ,17585025494.130512,19917595934.418854,4454191434.814571,5503072373.2342825,-13130834059.31594,-13130834059.31594,-13130834059.31594,-15463404499.604282,-15463404499.604282,-15463404499.604282,-12081953120.896229,-12081953120.896229,-12081953120.896229,-14414523561.18457,-14414523561.18457,-14414523561.18457
79,KHM,13172339332.263178,15849510328.71007,11912535704.22657,14948170437.796968,-1259803628.0366077,-1259803628.0366077,-1259803628.0366077,-3936974624.4834995,-3936974624.4834995,-3936974624.4834995,1775831105.5337906,1775831105.5337906,1775831105.5337906,-901339890.9131012,-901339890.9131012,-901339890.9131012
80,KIR,1900357433.965716,2271324367.119256,84590751.72283562,110364291.19902524,-1815766682.2428803,-1815766682.2428803,-1815766682.2428803,-2186733615.3964205,-2186733615.3964205,-2186733615.3964205,-1789993142.7666907,-1789993142.7666907,-1789993142.7666907,-2160960075.920231,-2160960075.920231,-2160960075.920231
81,KOR,113815830522.53673,133070187630.85323,41533362131.74548,42856114399.998856,-72282468390.79124,-72282468390.79124,-72282468390.79124,-91536825499.10774,-91536825499.10774,-91536825499.10774,-70959716122.53787,-70959716122.53787,-70959716122.53787,-90214073230.85437,-90214073230.85437,-90214073230.85437
82,KWT,10622417405.191637,11867176758.388042,3056609403.126667,4026290120.039896,-7565808002.06497,-7565808002.06497,-7565808002.06497,-8810567355.261375,-8810567355.261375,-8810567355.261375,-6596127285.151741,-6596127285.151741,-6596127285.151741,-7840886638.348146,-7840886638.348146,-7840886638.348146
83,LBN,5598075574.362411,6212507481.938108,4484436321.336571,4341479437.767445,-1113639253.0258398,-1113639253.0258398,-1113639253.0258398,-1728071160.6015377,-1728071160.6015377,-1728071160.6015377,-1256596136.594966,-1256596136.594966,-1256596136.594966,-1871028044.1706638,-1871028044.1706638,-1871028044.1706638
84,LBY,6781615783.291229,7761331797.760961,4897893050.251047,5926156148.566,-1883722733.040182,-1883722733.040182,-1883722733.040182,-2863438747.5099134,-2863438747.5099134,-2863438747.5099134,-855459634.7252293,-855459634.7252293,-855459634.7252293,-1835175649.1949606,-1835175649.1949606,-1835175649.1949606
85,LCA,222534482.09079686,244242064.54480767,142598456.43976724,150607641.45757008,-79936025.65102962,-79936025.65102962,-79936025.65102962,-101643608.10504043,-101643608.10504043,-101643608.10504043,-71926840.63322678,-71926840.63322678,-71926840.63322678,-93634423.0872376,-93634423.0872376,-93634423.0872376
86,LKA,20522478149.22129,24737568732.275116,16512110140.142122,17401422184.2894,-4010368009.0791683,-4010368009.0791683,-4010368009.0791683,-8225458592.132994,-8225458592.132994,-8225458592.132994,-3121055964.9318924,-3121055964.9318924,-3121055964.9318924,-7336146547.985718,-7336146547.985718,-7336146547.985718
87,LTU,15415175927.559544,17723364455.54412,2371397490.306485,2144573713.218817,-13043778437.25306,-13043778437.25306,-13043778437.25306,-15351966965.237637,-15351966965.237637,-15351966965.237637,-13270602214.340727,-13270602214.340727,-13270602214.340727,-15578790742.325304,-15578790742.325304,-15578790742.325304
88,LVA,6480680926.855355,8456528225.583366,1614133393.0752914,1392992234.512093,-4866547533.780064,-4866547533.780064,-4866547533.780064,-6842394832.508075,-6842394832.508075,-6842394832.508075,-5087688692.343262,-5087688692.343262,-5087688692.343262,-7063535991.071274,-7063535991.071274,-7063535991.071274
89,MAR,117817480888.81735,140826598107.37518,27087132565.70604,32754112311.396168,-90730348323.11131,-90730348323.11131,-90730348323.11131,-113739465541.66914,-113739465541.66914,-113739465541.66914,-85063368577.42119,-85063368577.42119,-85063368577.42119,-108072485795.97902,-108072485795.97902,-108072485795.97902
90,MDA,4672290767.362408,5104856086.030121,3325453769.4326477,3144202209.235869,-1346836997.92976,-1346836997.92976,-1346836997.92976,-1779402316.5974731,-1779402316.5974731,-1779402316.5974731,-1528088558.1265388,-1528088558.1265388,-1528088558.1265388,-1960653876.794252,-1960653876.794252,-1960653876.794252
91,MDG,8768445731.596346,10351361298.778187,17648991425.02505,26970519699.62342,8880545693.428705,8880545693.428705,8880545693.428705,7297630126.246864,7297630126.246864,7297630126.246864,18202073968.027077,18202073968.027077,18202073968.027077,16619158400.845234,16619158400.845234,16619158400.845234
92,MDV,1368673064.9795854,1819698483.3669596,325691823.3446505,417596568.46394783,-1042981241.6349349,-1042981241.6349349,-1042981241.6349349,-1494006660.022309,-1494006660.022309,-1494006660.022309,-951076496.5156376,-951076496.5156376,-951076496.5156376,-1402101914.9030118,-1402101914.9030118,-1402101914.9030118
93,MEX,188863779557.77643,214760258011.7314,97978649625.10019,117906151228.87921,-90885129932.67624,-90885129932.67624,-90885129932.67624,-116781608386.63123,-116781608386.63123,-116781608386.63123,-70957628328.89722,-70957628328.89722,-70957628328.89722,-96854106782.8522,-96854106782.8522,-96854106782.8522
94,MKD,3256003585.434577,3554794921.32198,1700397673.9109333,1697002690.8385913,-1555605911.5236437,-1555605911.5236437,-1555605911.5236437,-1854397247.4110467,-1854397247.4110467,-1854397247.4110467,-1559000894.5959857,-1559000894.5959857,-1559000894.5959857,-1857792230.4833887,-1857792230.4833887,-1857792230.4833887
95,MLI,17578846887.08944,20745550316.20101,12270220083.029875,19913284697.468163,-5308626804.059565,-5308626804.059565,-5308626804.059565,-8475330233.171137,-8475330233.171137,-8475330233.171137,2334437810.378723,2334437810.378723,2334437810.378723,-832265618.7328491,-832265618.7328491,-832265618.7328491
96,MLT,1126911139.557006,1243724543.7063618,347417559.75381905,357157161.7920572,-779493579.8031869,-779493579.8031869,-779493579.8031869,-896306983.9525428,-896306983.9525428,-896306983.9525428,-769753977.7649486,-769753977.7649486,-769753977.7649486,-886567381.9143045,-886567381.9143045,-886567381.9143045
97,MNG,24866630944.6692,27894105799.919468,2282631901.4367085,2843449898.1799045,-22583999043.23249,-22583999043.23249,-22583999043.23249,-25611473898.482758,-25611473898.482758,-25611473898.482758,-22023181046.489296,-22023181046.489296,-22023181046.489296,-25050655901.739563,-25050655901.739563,-25050655901.739563
98,MRT,12275086071.634785,14589829991.488174,3051040023.303809,4633750336.998174,-9224046048.330975,-9224046048.330975,-9224046048.330975,-11538789968.184364,-11538789968.184364,-11538789968.184364,-7641335734.636611,-7641335734.636611,-7641335734.636611,-9956079654.490002,-9956079654.490002,-9956079654.490002
99,MUS,2465213293.5834846,2741468347.499136,1029285937.5568438,1053840576.3181934,-1435927356.026641,-1435927356.026641,-1435927356.026641,-1712182409.9422922,-1712182409.9422922,-1712182409.9422922,-1411372717.2652912,-1411372717.2652912,-1411372717.2652912,-1687627771.1809425,-1687627771.1809425,-1687627771.1809425
100,MWI,3275985640.7222843,3898829631.647519,12585540649.91699,19964154642.010685,9309555009.194706,9309555009.194706,9309555009.194706,8686711018.26947,8686711018.26947,8686711018.26947,16688169001.2884,16688169001.2884,16688169001.2884,16065325010.363167,16065325010.363167,16065325010.363167
101,MYS,57734600325.01943,68443406482.733116,24274521918.986557,29778953135.58491,-33460078406.032875,-33460078406.032875,-33460078406.032875,-44168884563.74656,-44168884563.74656,-44168884563.74656,-27955647189.43452,-27955647189.43452,-27955647189.43452,-38664453347.14821,-38664453347.14821,-38664453347.14821
102,NAM,15111893956.68237,18403249318.458298,1807424883.524663,2514446757.9922957,-13304469073.157707,-13304469073.157707,-13304469073.157707,-16595824434.933636,-16595824434.933636,-16595824434.933636,-12597447198.690073,-12597447198.690073,-12597447198.690073,-15888802560.466002,-15888802560.466002,-15888802560.466002
103,NER,10333436740.80666,12135932825.914211,13668887241.093046,25157763287.48359,3335450500.2863865,3335450500.2863865,3335450500.2863865,1532954415.178835,1532954415.178835,1532954415.178835,14824326546.67693,14824326546.67693,14824326546.67693,13021830461.569378,13021830461.569378,13021830461.569378
104,NGA,75145198245.60678,87833455099.03374,130229870426.48546,197493000678.8786,55084672180.87868,55084672180.87868,55084672180.87868,42396415327.45172,42396415327.45172,42396415327.45172,122347802433.27182,122347802433.27182,122347802433.27182,109659545579.84486,109659545579.84486,109659545579.84486
105,NIC,2571227373.0570297,3304649594.07915,4706949214.050571,5611589404.091254,2135721840.9935417,2135721840.9935417,2135721840.9935417,1402299619.9714212,1402299619.9714212,1402299619.9714212,3040362031.0342245,3040362031.0342245,3040362031.0342245,2306939810.012104,2306939810.012104,2306939810.012104
106,NLD,45811009037.73646,57885088419.600296,13580535902.379065,13990836402.285505,-32230473135.35739,-32230473135.35739,-32230473135.35739,-44304552517.22123,-44304552517.22123,-44304552517.22123,-31820172635.45095,-31820172635.45095,-31820172635.45095,-43894252017.31479,-43894252017.31479,-43894252017.31479
107,NOR,19392306220.7334,24667561628.73933,4097448244.576422,4729746589.933336,-15294857976.156977,-15294857976.156977,-15294857976.156977,-20570113384.162907,-20570113384.162907,-20570113384.162907,-14662559630.800062,-14662559630.800062,-14662559630.800062,-19937815038.805992,-19937815038.805992,-19937815038.805992
108,NPL,10364354657.73365,11690727226.559217,22244565931.84209,26640221136.581684,11880211274.10844,11880211274.10844,11880211274.10844,10553838705.282873,10553838705.282873,10553838705.282873,16275866478.848034,16275866478.848034,16275866478.848034,14949493910.022467,14949493910.022467,14949493910.022467
109,NZL,79316013550.19482,98363590371.0284,3636281972.6547103,4134976277.1027656,-75679731577.54012,-75679731577.54012,-75679731577.54012,-94727308398.37369,-94727308398.37369,-94727308398.37369,-75181037273.09206,-75181037273.09206,-75181037273.09206,-94228614093.92563,-94228614093.92563,-94228614093.92563
110,OMN,11970785157.670702,14091586741.499428,3169673723.471619,4826306774.917479,-8801111434.199083,-8801111434.199083,-8801111434.199083,-10921913018.02781,-10921913018.02781,-10921913018.02781,-7144478382.753223,-7144478382.753223,-7144478382.753223,-9265279966.58195,-9265279966.58195,-9265279966.58195
111,PAK,177298328078.65308,200246169084.71555,142209122596.12402,190946963497.9248,-35089205482.52905,-35089205482.52905,-35089205482.52905,-58037046488.59152,-58037046488.59152,-58037046488.59152,13648635419.271729,13648635419.271729,13648635419.271729,-9299205586.790741,-9299205586.790741,-9299205586.790741
112,PAN,6264507157.64973,7193669638.803876,3061237511.0976386,3863417210.259147,-3203269646.552091,-3203269646.552091,-3203269646.552091,-4132432127.7062373,-4132432127.7062373,-4132432127.7062373,-2401089947.3905826,-2401089947.3905826,-2401089947.3905826,-3330252428.5447288,-3330252428.5447288,-3330252428.5447288
113,PER,293954166383.07983,344838761234.9489,24374520851.400803,29331693493.833916,-269579645531.67902,-269579645531.67902,-269579645531.67902,-320464240383.5481,-320464240383.5481,-320464240383.5481,-264622472889.2459,-264622472889.2459,-264622472889.2459,-315507067741.115,-315507067741.115,-315507067741.115
114,PHL,121152883842.27742,144192677206.14908,78076141754.7601,99031093674.88779,-43076742087.51732,-43076742087.51732,-43076742087.51732,-66116535451.38898,-66116535451.38898,-66116535451.38898,-22121790167.389633,-22121790167.389633,-22121790167.389633,-45161583531.26129,-45161583531.26129,-45161583531.26129
115,PNG,16700695234.77617,19235114791.827442,5936625602.061923,8145343840.294189,-10764069632.714249,-10764069632.714249,-10764069632.714249,-13298489189.765518,-13298489189.765518,-13298489189.765518,-8555351394.481981,-8555351394.481981,-8555351394.481981,-11089770951.533253,-11089770951.533253,-11089770951.533253
116,POL,57944075388.56528,67805246414.46737,30987468609.722034,29473320234.687595,-26956606778.843243,-26956606778.843243,-26956606778.843243,-36817777804.74533,-36817777804.74533,-36817777804.74533,-28470755153.87768,-28470755153.87768,-28470755153.87768,-38331926179.77977,-38331926179.77977,-38331926179.77977
117,PRT,28702777226.00254,32647362387.022552,8369268683.025833,7819778320.358271,-20333508542.976707,-20333508542.976707,-20333508542.976707,-24278093703.99672,-24278093703.99672,-24278093703.99672,-20882998905.64427,-20882998905.64427,-20882998905.64427,-24827584066.664284,-24827584066.664284,-24827584066.664284
118,PRY,4343000236.590019,5657735838.897399,5133005711.7811165,6216413884.020891,790005475.1910973,790005475.1910973,790005475.1910973,-524730127.11628246,-524730127.11628246,-524730127.11628246,1873413647.430872,1873413647.430872,1873413647.430872,558678045.1234922,558678045.1234922,558678045.1234922
119,QAT,2081565669.1448762,2383427790.553418,1975794396.9095132,2716860567.2086673,-105771272.235363,-105771272.235363,-105771272.235363,-407633393.6439049,-407633393.6439049,-407633393.6439049,635294898.063791,635294898.063791,635294898.063791,333432776.6552491,333432776.6552491,333432776.6552491
120,ROU,50229910175.70552,55444103273.1929,16137906718.903536,14868773709.901197,-34092003456.801987,-34092003456.801987,-34092003456.801987,-39306196554.28937,-39306196554.28937,-39306196554.28937,-35361136465.80432,-35361136465.80432,-35361136465.80432,-40575329563.2917,-40575329563.2917,-40575329563.2917
121,RUS,360704100195.01324,406487604198.87146,115892550644.70921,112886490629.97812,-244811549550.30402,-244811549550.30402,-244811549550.30402,-290595053554.16223,-290595053554.16223,-290595053554.16223,-247817609565.03513,-247817609565.03513,-247817609565.03513,-293601113568.8933,-293601113568.8933,-293601113568.8933
122,RWA,3396031672.165061,4004705160.7172585,8500423966.166953,12316599113.66837,5104392294.001892,5104392294.001892,5104392294.001892,4495718805.449695,4495718805.449695,4495718805.449695,8920567441.503307,8920567441.503307,8920567441.503307,8311893952.951111,8311893952.951111,8311893952.951111
123,SAU,40464723686.414986,45236881079.70608,24448320610.661743,32033206311.085087,-16016403075.753242,-16016403075.753242,-16016403075.753242,-20788560469.044334,-20788560469.044334,-20788560469.044334,-8431517375.329899,-8431517375.329899,-8431517375.329899,-13203674768.62099,-13203674768.62099,-13203674768.62099
124,SEN,31249512258.71942,37946189028.40961,10766010235.105143,16713931647.84313,-20483502023.61428,-20483502023.61428,-20483502023.61428,-27180178793.304466,-27180178793.304466,-27180178793.304466,-14535580610.876291,-14535580610.876291,-14535580610.876291,-21232257380.566475,-21232257380.566475,-21232257380.566475
125,SGP,7466278414.328319,8216181536.668767,4486973203.061803,5197259612.364813,-2979305211.2665157,-2979305211.2665157,-2979305211.2665157,-3729208333.606964,-3729208333.606964,-3729208333.606964,-2269018801.9635057,-2269018801.9635057,-2269018801.9635057,-3018921924.303954,-3018921924.303954,-3018921924.303954
126,SLB,1037011410.1759897,1237148424.546551,435055546.7728571,596729118.8523898,-601955863.4031327,-601955863.4031327,-601955863.4031327,-802092877.7736938,-802092877.7736938,-802092877.7736938,-440282291.32359993,-440282291.32359993,-440282291.32359993,-640419305.6941612,-640419305.6941612,-640419305.6941612
127,SLE,12317576257.872654,14819477441.15432,5281374621.140989,7410532279.498562,-7036201636.731665,-7036201636.731665,-7036201636.731665,-9538102820.01333,-9538102820.01333,-9538102820.01333,-4907043978.374092,-4907043978.374092,-4907043978.374092,-7408945161.655758,-7408945161.655758,-7408945161.655758
128,SLV,5436840961.386573,6097436063.681031,4943566056.518778,5390283696.585692,-493274904.867795,-493274904.867795,-493274904.867795,-1153870007.1622534,-1153870007.1622534,-1153870007.1622534,-46557264.80088043,-46557264.80088043,-46557264.80088043,-707152367.0953388,-707152367.0953388,-707152367.0953388
129,STP,276758635.67950666,333561902.51042575,141431166.90238097,202494463.51460987,-135327468.7771257,-135327468.7771257,-135327468.7771257,-192130735.60804477,-192130735.60804477,-192130735.60804477,-74264172.16489679,-74264172.16489679,-74264172.16489679,-131067438.99581587,-131067438.99581587,-131067438.99581587
130,SUR,1221480585.8620849,1372881369.0624447,434588205.9403116,493910034.946305,-786892379.9217732,-786892379.9217732,-786892379.9217732,-938293163.122133,-938293163.122133,-938293163.122133,-727570550.9157798,-727570550.9157798,-727570550.9157798,-878971334.1161397,-878971334.1161397,-878971334.1161397
131,SVK,7484612406.928981,8317447949.977827,4424552060.890054,4369128294.531835,-3060060346.038927,-3060060346.038927,-3060060346.038927,-3892895889.0877733,-3892895889.0877733,-3892895889.0877733,-3115484112.397146,-3115484112.397146,-3115484112.397146,-3948319655.4459925,-3948319655.4459925,-3948319655.4459925
132,SVN,3971485454.366702,4462812465.102081,1656392903.909905,1632212096.6775095,-2315092550.456797,-2315092550.456797,-2315092550.456797,-2806419561.1921763,-2806419561.1921763,-2806419561.1921763,-2339273357.689193,-2339273357.689193,-2339273357.689193,-2830600368.424572,-2830600368.424572,-2830600368.424572
133,SWE,16891480313.715342,21461648575.700047,7669515173.14224,8449350942.764933,-9221965140.573101,-9221965140.573101,-9221965140.573101,-13792133402.557808,-13792133402.557808,-13792133402.557808,-8442129370.950409,-8442129370.950409,-8442129370.950409,-13012297632.935114,-13012297632.935114,-13012297632.935114
134,SWZ,598757516.5364791,706412167.5853766,986837641.7580304,1294218905.391575,388080125.2215513,388080125.2215513,388080125.2215513,280425474.1726538,280425474.1726538,280425474.1726538,695461388.855096,695461388.855096,695461388.855096,587806737.8061985,587806737.8061985,587806737.8061985
135,SYC,1339260527.8229957,1615669931.3207848,74338873.7168762,78688952.57040907,-1264921654.1061194,-1264921654.1061194,-1264921654.1061194,-1541331057.6039085,-1541331057.6039085,-1541331057.6039085,-1260571575.2525866,-1260571575.2525866,-1260571575.2525866,-1536980978.7503757,-1536980978.7503757,-1536980978.7503757
136,SYR,41732868172.84594,47474903739.98767,14761634095.773043,20864086373.276505,-26971234077.0729,-26971234077.0729,-26971234077.0729,-32713269644.21463,-32713269644.21463,-32713269644.21463,-20868781799.569435,-20868781799.569435,-20868781799.569435,-26610817366.711166,-26610817366.711166,-26610817366.711166
137,TGO,3310141765.5526934,3890272716.844555,5396781007.014965,7994243605.852402,2086639241.4622717,2086639241.4622717,2086639241.4622717,1506508290.1704102,1506508290.1704102,1506508290.1704102,4684101840.299708,4684101840.299708,4684101840.299708,4103970889.007847,4103970889.007847,4103970889.007847
138,THA,105189646585.1495,125435627926.91196,55810914604.48017,56823885484.63934,-49378731980.669334,-49378731980.669334,-49378731980.669334,-69624713322.4318,-69624713322.4318,-69624713322.4318,-48365761100.51016,-48365761100.51016,-48365761100.51016,-68611742442.27261,-68611742442.27261,-68611742442.27261
139,TON,47171172.79839471,55229649.1630193,80633889.62875257,93458579.95409194,33462716.830357864,33462716.830357864,33462716.830357864,25404240.465733275,25404240.465733275,25404240.465733275,46287407.15569723,46287407.15569723,46287407.15569723,38228930.79107264,38228930.79107264,38228930.79107264
140,TTO,1552044775.9392877,1696317859.1723168,1095044852.0924077,1122101747.3292122,-456999923.84687996,-456999923.84687996,-456999923.84687996,-601273007.0799091,-601273007.0799091,-601273007.0799091,-429943028.6100755,-429943028.6100755,-429943028.6100755,-574216111.8431046,-574216111.8431046,-574216111.8431046
141,TUN,18177278250.391827,20794902489.321064,8864198474.061861,10312421616.345083,-9313079776.329966,-9313079776.329966,-9313079776.329966,-11930704015.259203,-11930704015.259203,-11930704015.259203,-7864856634.046743,-7864856634.046743,-7864856634.046743,-10482480872.97598,-10482480872.97598,-10482480872.97598
142,TUR,117324397292.4864,133737621852.95502,61283988090.8779,71234380555.49496,-56040409201.608505,-56040409201.608505,-56040409201.608505,-72453633762.07712,-72453633762.07712,-72453633762.07712,-46090016736.99144,-46090016736.99144,-46090016736.99144,-62503241297.46005,-62503241297.46005,-62503241297.46005
143,TZA,23700713290.75316,27926941380.457504,38266189814.0781,62296903168.7542,14565476523.324944,14565476523.324944,14565476523.324944,10339248433.620598,10339248433.620598,10339248433.620598,38596189878.001045,38596189878.001045,38596189878.001045,34369961788.2967,34369961788.2967,34369961788.2967
144,UGA,17391596786.922585,20643533723.538055,28048330616.78855,47003346374.612854,10656733829.865967,10656733829.865967,10656733829.865967,7404796893.250496,7404796893.250496,7404796893.250496,29611749587.69027,29611749587.69027,29611749587.69027,26359812651.0748,26359812651.0748,26359812651.0748
145,UKR,91313366082.31091,100113311529.41287,36369691642.75963,33356248336.4733,-54943674439.551285,-54943674439.551285,-54943674439.551285,-63743619886.653244,-63743619886.653244,-63743619886.653244,-57957117745.837616,-57957117745.837616,-57957117745.837616,-66757063192.939575,-66757063192.939575,-66757063192.939575
146,URY,13969381569.681433,16855839175.931684,2688721107.335352,2827246012.588348,-11280660462.34608,-11280660462.34608,-11280660462.34608,-14167118068.596333,-14167118068.596333,-14167118068.596333,-11142135557.093084,-11142135557.093084,-11142135557.093084,-14028593163.343336,-14028593163.343336,-14028593163.343336
147,USA,810818365534.2708,939641142620.3828,253824717736.2398,280817328885.406,-556993647798.031,-556993647798.031,-556993647798.031,-685816424884.1431,-685816424884.1431,-685816424884.1431,-530001036648.86475,-530001036648.86475,-530001036648.86475,-658823813734.9768,-658823813734.9768,-658823813734.9768
148,VCT,3001823227.7545104,3516294420.1178174,87404277.65885046,90211244.6900513,-2914418950.0956597,-2914418950.0956597,-2914418950.0956597,-3428890142.4589667,-3428890142.4589667,-3428890142.4589667,-2911611983.0644593,-2911611983.0644593,-2911611983.0644593,-3426083175.4277663,-3426083175.4277663,-3426083175.4277663
149,VEN,42719519530.401596,47763645246.80788,24253900133.25243,29351810830.304287,-18465619397.149166,-18465619397.149166,-18465619397.149166,-23509745113.555447,-23509745113.555447,-23509745113.555447,-13367708700.09731,-13367708700.09731,-13367708700.09731,-18411834416.50359,-18411834416.50359,-18411834416.50359
150,VUT,2093767018.0878975,2497087211.584461,197630161.4084762,275625680.0666864,-1896136856.6794214,-1896136856.6794214,-1896136856.6794214,-2299457050.175985,-2299457050.175985,-2299457050.175985,-1818141338.0212111,-1818141338.0212111,-1818141338.0212111,-2221461531.5177746,-2221461531.5177746,-2221461531.5177746
151,YEM,23879464163.354362,27492531125.72245,19733982282.304928,28382314545.79635,-4145481881.0494347,-4145481881.0494347,-4145481881.0494347,-7758548843.417522,-7758548843.417522,-7758548843.417522,4502850382.441986,4502850382.441986,4502850382.441986,889783420.0738983,889783420.0738983,889783420.0738983
152,ZAF,113522496932.47984,134491344440.55464,42950375786.58343,51450113976.52929,-70572121145.89642,-70572121145.89642,-70572121145.89642,-91540968653.97122,-91540968653.97122,-91540968653.97122,-62072382955.950554,-62072382955.950554,-62072382955.950554,-83041230464.02536,-83041230464.02536,-83041230464.02536
153,ZMB,8038464457.5265045,9434028366.534256,11473648753.700857,18488221310.270622,3435184296.1743526,3435184296.1743526,3435184296.1743526,2039620387.1666012,2039620387.1666012,2039620387.1666012,10449756852.744118,10449756852.744118,10449756852.744118,9054192943.736366,9054192943.736366,9054192943.736366
154,ZWE,6189901378.347709,7262644835.072794,11467982918.085552,16480672728.321209,5278081539.7378435,5278081539.7378435,5278081539.7378435,4205338083.0127583,4205338083.0127583,4205338083.0127583,10290771349.9735,10290771349.9735,10290771349.9735,9218027893.248415,9218027893.248415,9218027893.248415
